Fecha,Sociedad,Clase,Moneda,Monto_emision,Regimen,TNA_inicial,Plazo_meses,MONTO_ARS_EMISION_MILLONES,SECTOR
2016-01-11,Grupo ST S.A.,Clase I,ARS,75000000,General,0.2981,60.9,75.0000,FINANCIERO
2016-01-15,Banco Santander Río S.A.,Clase X,ARS,231000000,General,0.2933,18.2,231.0000,FINANCIERO
2016-01-15,Banco Santander Río S.A.,Clase XI,ARS,360000000,General,0.3037,36.5,360.0000,FINANCIERO
2016-01-18,Tarjeta Naranja S.A.,Clase XXXII,ARS,260810808,General,0.3000,21.3,260.8108,FINANCIERO
2016-01-20,Gpat Compañía Financiera S.A.,Serie XXI,ARS,250000000,General,0.2988,18.2,250.0000,FINANCIERO
2016-01-21,Tarshop S.A.,Clase XXVI,ARS,156971808,General,0.3350,18.2,156.9718,FINANCIERO
2016-01-26,Banco Itaú Argentina S.A.,Clase 16,ARS,179000000,General,0.3038,18.2,179.0000,FINANCIERO
2016-01-26,Banco Itaú Argentina S.A.,Clase 17,ARS,265500000,General,0.3112,36.5,265.5000,FINANCIERO
2016-01-29,Compañía Financiera Argentina S.A.,Clase XVI,ARS,300000000,General,0.3081,18.2,300.0000,FINANCIERO
2016-02-01,Petrolera Pampa S.A.,Clase 7,ARS,309847000,General,0.3169,18.2,309.8470,ENERGIA
2016-02-03,Banco Hipotecario S.A.,Clase XXXIV,ARS,264030000,General,0.2994,18.2,264.0300,FINANCIERO
2016-02-03,Banco Hipotecario S.A.,Clase XXXV,ARS,235970000,General,0.3093,36.5,235.9700,FINANCIERO
2016-02-05,Genneia S.A.,Clase XIX,ARS,462162500,General,0.3206,12.2,462.1625,ENERGIA
2016-02-05,Agrofina S.A.,Clase II,ARS,144967000,General,0.3306,18.2,144.9670,INDUSTRIA
2016-02-15,BACS Banco de Crédito y Securitización S.A.,Clase VII,ARS,142602000,General,0.3050,21.3,142.6020,FINANCIERO
2016-02-17,Tarjetas del Mar S.A.,Clase I,ARS,150000000,General,0.2994,18.2,150.0000,FINANCIERO
2016-02-17,Los Grobo Agropecuaria S.A.,Clase IV Serie I,ARS,150000000,General,0.3192,18.2,150.0000,AGROPECUARIO
2016-02-19,TGLT S.A.,Clase X,ARS,96828323,General,0.3249,18.2,96.8283,CONSTRUCCION_E_INFRAESTRUCTURA
2016-02-19,Banco CMF S.A.,Clase 7,ARS,150000000,General,0.3040,18.2,150.0000,FINANCIERO
2016-02-24,Toyota Compañía Financiera de Argentina S.A.,Clase 18,ARS,120000000,General,0.2983,24.4,120.0000,FINANCIERO
2016-02-26,Banco de Servicios Financieros S.A.,Clase 16,ARS,300000000,General,0.3090,18.3,300.0000,FINANCIERO
2016-03-02,YPF S.A.,Clase XLV,ARS,150000000,General,0.3175,18.3,150.0000,ENERGIA
2016-03-02,YPF S.A.,Clase XLVI,ARS,1350000000,General,0.3375,60.9,1350.0000,ENERGIA
2016-03-04,Generación Frías S.A.,Clase II,ARS,130000000,General,0.3500,24.3,130.0000,ENERGIA
2016-03-09,Savant Pharm S.A.,Serie IV Clase I,ARS,60000000,General,0.3768,36.5,60.0000,INDUSTRIA
2016-03-10,Banco Comafi S.A.,Clases 15,ARS,168451000,General,0.3538,24.3,168.4510,FINANCIERO
2016-03-14,Tarjetas Cuyanas S.A.,CLASE XXIII,ARS,242000000,General,0.3550,18.3,242.0000,FINANCIERO
2016-03-17,IRSA Propiedades comerciales S.A. (ex Alto Palermo SA),Clase 2,USD,360000000,General,0.0875,85.2,5265.8000,CONSTRUCCION_E_INFRAESTRUCTURA
2016-03-18,YPF S.A.,Clase XLVII,USD,1000000000,General,0.0850,60.9,14821.7000,ENERGIA
2016-03-23,John Deere Credit Compañía Financiera S.A.,Clase VI,ARS,121071011,General,0.3414,24.3,121.0710,FINANCIERO
2016-04-06,Celulosa Argentina S.A.,Clase 6,ARS,148166000,General,0.3718,18.3,148.1660,INDUSTRIA
2016-04-06,Gpat Compañía Financiera S.A.,Serie XXII,ARS,155000000,General,0.3538,18.3,155.0000,FINANCIERO
2016-04-11,Tarjeta Naranja S.A.,Clase XXXIII Serie I,ARS,133091500,General,0.3700,18.3,133.0915,FINANCIERO
2016-04-11,Tarjeta Naranja S.A.,Clase XXXIII Serie II,ARS,366908500,General,0.3700,36.5,366.9085,FINANCIERO
2016-04-14,YPF S.A.,Clase XLVIII,Dolar_Linked,45816181,General,0.0825,48.7,658.3000,ENERGIA
2016-04-14,YPF S.A.,Clase XLIX,ARS,534921691,General,0.3744,48.7,534.9217,ENERGIA
2016-05-02,Tarshop S.A.,Clase XXVII,ARS,147288000,General,0.3700,18.3,147.2880,FINANCIERO
2016-05-02,Tarjetas Cuyanas S.A.,Clase XXIV - Serie I,ARS,65691111,General,0.3700,18.3,65.6911,FINANCIERO
2016-05-02,Tarjetas Cuyanas S.A.,Clase XXIV - Serie II,ARS,234308889,General,0.3700,36.5,234.3089,FINANCIERO
2016-05-03,Ebucar S.A.,Serie III,ARS,3000000,PyME,0.3069,24.3,3.0000,COMERCIO
2016-05-04,Medanito S.A.,Clase 7,ARS,180000000,General,0.3751,18.3,180.0000,ENERGIA
2016-05-04,Rombo Compañía Financiera S.A.,Serie 31,ARS,250000000,General,0.3700,24.3,250.0000,FINANCIERO
2016-05-06,PSA Finance Argentina Compañía Financiera S.A.,Serie 20,ARS,150000000,General,0.3700,18.3,150.0000,FINANCIERO
2016-05-11,Grupo Supervielle S.A.,Clase XXI,ARS,100000000,General,0.3424,4.0,100.0000,FINANCIERO
2016-05-12,Grimoldi S.A.,Serie VI,ARS,100000000,General,0.3700,18.3,100.0000,INDUSTRIA
2016-05-13,Banco Hipotecario S.A.,Clase XXXVI,ARS,469750000,General,0.3700,18.3,469.7500,FINANCIERO
2016-05-13,Regional Trade S.A.,Serie IX,ARS,14950000,PyME,0.3173,12.2,14.9500,COMERCIO
2016-05-17,Cordial Compañía Financiera S.A.,Clase 10,ARS,199000000,General,0.3700,18.3,199.0000,FINANCIERO
2016-05-18,Banco Hipotecario S.A.,Clase XXIX tramo 2,USD,150000000,General,0.0975,55.1,2116.6000,FINANCIERO
2016-05-19,Longvie S.A.,Clase III,ARS,120000000,General,0.3675,24.3,120.0000,COMERCIO
2016-05-19,BACS Banco de Crédito y Securitización S.A.,Clase VIII,ARS,150000000,General,0.3625,18.3,150.0000,FINANCIERO
2016-05-20,Compañía Financiera Argentina S.A.,Clase XVII Serie I,ARS,58333332,General,0.3600,18.3,58.3333,FINANCIERO
2016-05-20,Compañía Financiera Argentina S.A.,Clase XVII Serie II,ARS,287500000,General,0.3611,36.5,287.5000,FINANCIERO
2016-05-27,PREAR Pretensados Argentinos S.A.,Clase I Serie I,ARS,27560000,General,0.3781,12.2,27.5600,INDUSTRIA
2016-05-30,Intek S.A.,Serie I,ARS,15000000,PyME,0.3638,24.3,15.0000,INDUSTRIA
2016-06-08,Cablevisión S.A.,Clase A,USD,500000000,General,0.0650,60.9,6917.5000,SERVICIOS_NO_FINANCIEROS
2016-06-08,Central Térmica Roca S.A.,Clase III,ARS,170262333,General,0.3600,24.3,170.2623,ENERGIA
2016-06-09,Empresa Distribuidora de Electricidad de Salta S.A. (EDESA),Clase II,USD,65000000,General,0.1150,60.9,899.2700,ENERGIA
2016-06-10,Gpat Compañía Financiera S.A.,Serie XXIII Clase A,ARS,106500000,General,0.3200,18.3,106.5000,FINANCIERO
2016-06-10,Gpat Compañía Financiera S.A.,Serie XXIII Clase B,ARS,188888888,General,0.3300,36.5,188.8889,FINANCIERO
2016-06-16,Toyota Compañía Financiera de Argentina S.A.,Clase 19,ARS,130000000,General,0.3205,24.3,130.0000,FINANCIERO
2016-06-23,Rogiro Aceros S.A.,Serie X,ARS,38500000,General,0.3013,12.2,38.5000,INDUSTRIA
2016-06-23,Petrolera Pampa S.A.,Clase 8,ARS,403349473,General,0.3213,12.0,403.3495,ENERGIA
2016-06-27,Tarjeta Naranja S.A.,Clase XXXIV Serie I,ARS,124602800,General,0.3200,18.3,124.6028,FINANCIERO
2016-06-27,Tarjeta Naranja S.A.,Clase XXXIV Serie II,ARS,475397200,General,0.3242,48.7,475.3972,FINANCIERO
2016-06-28,Generación Mediterránea S.A.,Clase V,ARS,200000000,General,0.3150,24.3,200.0000,ENERGIA
2016-06-29,Arcor S.A.I.C.,Clase 9,USD,350000000,General,0.0600,85.2,5216.5000,INDUSTRIA
2016-06-29,Meranol S.A.C.I.,Clase 1,USD,1370000,PyME,0.0500,36.5,20.4000,INDUSTRIA
2016-06-29,Meranol S.A.C.I.,Clase 2,ARS,78080985,PyME,0.2719,36.5,78.0810,INDUSTRIA
2016-06-30,YPF S.A.,Clase L,ARS,11247675000,General,0.3063,48.7,11247.6750,ENERGIA
2016-07-01,John Deere Credit Compañía Financiera S.A.,Clase VII,USD,18250000,General,0.0675,36.5,275.9000,FINANCIERO
2016-07-04,Generación Frías S.A.,Clase III,ARS,160000000,General,0.3198,24.3,160.0000,ENERGIA
2016-07-07,Banco Itaú Argentina S.A.,Clase 18,ARS,182222222,General,0.2894,18.3,182.2222,FINANCIERO
2016-07-07,Banco Itaú Argentina S.A.,Clase 19,ARS,317777778,General,0.2958,36.5,317.7778,FINANCIERO
2016-07-19,Banco de Galicia y Buenos Aires S.A.,Clase II,USD,250000000,General,0.0825,121.7,3655.1000,FINANCIERO
2016-07-14,Petrobras Argentina S.A.,Serie T,USD,500000000,General,0.0738,85.2,7310.2000,ENERGIA
2016-07-14,CLISA Cía Latinoamericana de Infraestructura y Servicios S.A.,Clase única,USD,200000000,General,0.0950,85.2,2924.1000,CONSTRUCCION_E_INFRAESTRUCTURA
2016-07-15,Banco Santander Río S.A.,Clase XII,ARS,106666666,General,0.2856,18.3,106.6667,FINANCIERO
2016-07-15,Banco Santander Río S.A.,Clase XIII,ARS,541800000,General,0.2931,36.5,541.8000,FINANCIERO
2016-07-20,TGLT S.A.,Clase XII,ARS,96666666,General,0.3213,18.3,96.6667,CONSTRUCCION_E_INFRAESTRUCTURA
2016-07-20,Generación Mediterránea S.A.,Individual,USD,250000000,General,0.0963,85.2,3749.2000,ENERGIA
2016-07-20,Ledesma S.A.A.I.,Clase V,ARS,400000000,General,0.2987,36.5,400.0000,INDUSTRIA
2016-07-21,Tarjetas Cuyanas S.A.,Clase XXV Serie II,ARS,400000000,General,0.2963,48.7,400.0000,FINANCIERO
2016-07-22,BACS Banco de Crédito y Securitización S.A.,Clase IX,ARS,249500000,General,0.3000,24.3,249.5000,FINANCIERO
2016-07-25,Mercedes-Benz Compañía Financiera Argentina S.A.,Clase 28,ARS,150000000,General,0.2834,18.3,150.0000,FINANCIERO
2016-07-27,Carsa S.A.,Serie VI,ARS,89912856,General,0.3112,12.2,89.9129,COMERCIO
2016-08-03,BBVA Banco Francés S.A.,Clase 19,ARS,207500000,General,0.2850,18.3,207.5000,FINANCIERO
2016-08-03,BBVA Banco Francés S.A.,Clase 20,ARS,292500000,General,0.2875,36.5,292.5000,FINANCIERO
2016-08-04,Compañía Financiera Argentina S.A.,Clase XVIII,ARS,350000000,General,0.2950,18.3,350.0000,FINANCIERO
2016-08-05,Banco CMF S.A.,Clase 8,ARS,200000000,General,0.2813,18.3,200.0000,FINANCIERO
2016-08-08,CGM Leasing Argentina S.A.,Serie X Clase A,ARS,26000000,General,0.3088,30.5,26.0000,FINANCIERO
2016-08-08,CGM Leasing Argentina S.A.,Serie X Clase B,ARS,18000000,General,0.2994,30.5,18.0000,FINANCIERO
2016-08-08,FCA Compañía Financiera S.A.,Clase XI,ARS,160000000,General,0.2772,24.3,160.0000,FINANCIERO
2016-08-08,Celulosa Argentina S.A.,Clase 9,ARS,150000000,General,0.3050,18.3,150.0000,INDUSTRIA
2016-08-10,Central Térmica Güemes S.A.,Clase 7,ARS,172950000,General,0.2838,18.3,172.9500,ENERGIA
2016-08-10,Central Térmica Güemes S.A.,Clase 8,USD,1388000,General,0.0700,48.7,20.5000,ENERGIA
2016-08-10,Banco de Inversión y Comercio Exterior S.A.,Clase 1,ARS,509000000,General,0.2688,18.3,509.0000,FINANCIERO
2016-08-10,Banco de Inversión y Comercio Exterior S.A.,Clase 2,ARS,491000000,General,0.2813,36.5,491.0000,FINANCIERO
2016-08-11,Banco de Servicios Financieros S.A.,Clase 17,ARS,450000000,General,0.2845,18.3,450.0000,FINANCIERO
2016-08-11,Micro Lending S.A.,Clase II,ARS,60000000,PyME,0.3025,36.5,60.0000,FINANCIERO
2016-08-12,Banco Hipotecario S.A.,Clases XXXVIII,ARS,145200000,General,0.2775,18.3,145.2000,FINANCIERO
2016-08-12,Banco Hipotecario S.A.,Clase XXXIX,ARS,343241000,General,0.2824,36.5,343.2410,FINANCIERO
2016-08-16,Ribeiro S.A.C.I.F.A. e I.,Clase P Serie I,ARS,16170000,General,0.3000,120.1,16.1700,COMERCIO
2016-08-16,Ribeiro S.A.C.I.F.A. e I.,Clase P Serie II,USD,3496500,General,0.0700,120.1,51.3000,COMERCIO
2016-08-17,Rombo Compañía Financiera S.A.,Serie 32,ARS,83571426,General,0.2783,18.3,83.5714,FINANCIERO
2016-08-17,Rombo Compañía Financiera S.A.,Serie 33,ARS,216428574,General,0.2837,36.5,216.4286,FINANCIERO
2016-08-22,Ovoprot International S.A.,individual,ARS,50000000,PyME,0.2956,36.5,50.0000,INDUSTRIA
2016-09-01,IRSA Inversiones y Representaciones S.A.,Clase VII,ARS,384233262,General,0.2687,36.5,384.2333,CONSTRUCCION_E_INFRAESTRUCTURA
2016-09-01,IRSA Inversiones y Representaciones S.A.,Clase VIII,USD,184507138,General,0.0700,36.5,2746.3000,CONSTRUCCION_E_INFRAESTRUCTURA
2016-09-05,Tarshop S.A.,Clase I,ARS,204033333,General,0.2850,18.2,204.0333,FINANCIERO
2016-09-05,Tarshop S.A.,Clase II,ARS,67360000,General,0.2861,30.4,67.3600,FINANCIERO
2016-09-14,Banco Santander Río S.A.,Clase XIV,ARS,239000000,General,0.2544,18.2,239.0000,FINANCIERO
2016-09-14,Banco Santander Río S.A.,Clase XV,ARS,505000000,General,0.2634,36.5,505.0000,FINANCIERO
2016-09-20,Grimoldi S.A.,Serie VII,ARS,100000000,General,0.2725,18.2,100.0000,COMERCIO
2016-09-20,John Deere Credit Compañía Financiera S.A.,Clase VIII,USD,18430000,General,0.0600,24.3,279.4000,FINANCIERO
2016-09-21,Gpat Compañía Financiera S.A.,Serie XXIV,ARS,200000000,General,0.2395,12.2,200.0000,FINANCIERO
2016-09-22,Tarjeta Naranja S.A.,Clase XXXV Serie I,ARS,225611111,General,0.2600,18.2,225.6111,FINANCIERO
2016-09-22,Tarjeta Naranja S.A.,Clase XXXV Serie II,ARS,774388889,General,0.2674,48.7,774.3889,FINANCIERO
2016-09-23,Toyota Compañía Financiera de Argentina S.A.,Clase 20,ARS,170000000,General,0.2551,24.3,170.0000,FINANCIERO
2016-09-26,Inversora Eléctrica de Buenos Aires S.A.,Serie E,USD,72302129,General,0.0650,76.1,1099.5000,ENERGIA
2016-09-26,Inversora Eléctrica de Buenos Aires S.A.,Serie F,USD,2697871,General,0.0650,76.1,41.0000,ENERGIA
2016-09-29,Plural Cooperativa de Crédito Consumo y Vivienda Ltda.,Serie I,ARS,40000000,PyME,0.2844,33.8,40.0000,FINANCIERO
2016-10-05,Dietrich S.A.,Clase I Serie I,ARS,100000000,General,0.2750,18.2,100.0000,COMERCIO
2016-10-06,Banco Hipotecario S.A.,Clase XL,ARS,6078320000,General,0.2494,39.6,6078.3200,FINANCIERO
2016-10-07,Banco Supervielle S.A.,Clase VI,ARS,422000000,General,0.2569,24.3,422.0000,FINANCIERO
2016-10-12,Ángel Estrada y Compañía S.A.,Clase I,ARS,94500000,General,0.2725,24.3,94.5000,INDUSTRIA
2016-10-13,YPF S.A.,Adicionales Clase XXVIII,USD,197165000,General,0.0875,90.8,2980.2000,ENERGIA
2016-10-14,Indo S.A.,Serie VIII,ARS,10000000,PyME,0.2713,24.3,10.0000,FINANCIERO
2016-10-14,Banco Sáenz S.A.,Serie VIII,ARS,200000000,General,0.2675,24.3,200.0000,FINANCIERO
2016-10-20,Cordial Compañía Financiera S.A.,Clase 11,ARS,200000000,General,0.2675,18.2,200.0000,FINANCIERO
2016-10-20,Tarjetas Cuyanas S.A.,Clase XXVI Serie I,ARS,149763334,General,0.2600,18.2,149.7633,FINANCIERO
2016-10-20,Tarjetas Cuyanas S.A.,Clase XXVI Serie II,ARS,350236666,General,0.2600,48.7,350.2367,FINANCIERO
2016-10-21,Albanesi S.A.,Clase II,ARS,220000000,General,0.2606,24.3,220.0000,ENERGIA
2016-10-26,Rombo Compañía Financiera S.A.,Serie XXXIV,ARS,30000000,General,0.2473,18.2,30.0000,FINANCIERO
2016-10-26,Rombo Compañía Financiera S.A.,Serie XXXV,ARS,262777777,General,0.2575,36.5,262.7778,FINANCIERO
2016-10-31,Newsan S.A.,Clase 7,ARS,286626250,General,0.2575,18.2,286.6263,INDUSTRIA
2016-10-31,Newsan S.A.,Clase 8,ARS,213373750,General,0.2575,36.5,213.3738,INDUSTRIA
2016-11-01,Banco Macro S.A.,Clase A Subordinadas Reajustables,USD,400000000,General,0.0675,121.7,6050.1000,FINANCIERO
2016-11-02,Compañía General de Combustibles S.A.,Clase A,USD,300000000,General,0.0950,60.9,4525.3000,ENERGIA
2016-11-02,Tarshop S.A.,Clase IV,ARS,213031426,General,0.2675,18.2,213.0314,FINANCIERO
2016-11-02,Tarshop S.A.,Clase V,ARS,77818181,General,0.2675,30.4,77.8182,FINANCIERO
2016-11-02,Banco Comafi S.A.,Clase 16,ARS,171000000,General,0.2525,24.3,171.0000,FINANCIERO
2016-11-02,Mercedes-Benz Compañía Financiera Argentina S.A.,Clase 29,ARS,200000000,General,0.2450,18.2,200.0000,FINANCIERO
2016-11-03,GPAT Compañía Financiera S.A.,Serie XXV,ARS,221000000,General,0.2400,18.2,221.0000,FINANCIERO
2016-11-04,Toyota Compañía Financiera de Argentina S.A.,Clase 21,ARS,210000000,General,0.2463,24.3,210.0000,FINANCIERO
2016-11-07,BACS Banco de Crédito y Securitización S.A.,Clase X,ARS,91000000,General,0.2525,18.2,91.0000,FINANCIERO
2016-11-07,BACS Banco de Crédito y Securitización S.A.,Clase XI,ARS,201000000,General,0.2550,36.5,201.0000,FINANCIERO
2016-11-09,Agrofina S.A.,Clase III,ARS,156997598,General,0.2700,12.2,156.9976,INDUSTRIA
2016-11-09,Agrofina S.A.,Clase IV,USD,6167786,General,0.0850,24.3,92.6000,INDUSTRIA
2016-11-10,Disal S.A.,Serie III Clase E,ARS,22093022,General,0.2650,18.2,22.0930,INDUSTRIA
2016-11-10,Disal S.A.,Serie III Clase F,ARS,29200000,General,0.2680,48.7,29.2000,INDUSTRIA
2016-11-10,PSA Finance Argentina Compañía Financiera S.A.,Serie 21,ARS,129000000,General,0.2375,12.2,129.0000,FINANCIERO
2016-11-10,PSA Finance Argentina Compañía Financiera S.A.,Serie 22,ARS,121000000,General,0.2425,18.2,121.0000,FINANCIERO
2016-11-11,Telecom Personal S.A.,Serie III,ARS,721969404,General,0.2396,18.2,721.9694,SERVICIOS_NO_FINANCIEROS
2016-11-11,Telecom Personal S.A.,Serie IV,USD,77900400,General,0.0485,24.3,1185.8000,SERVICIOS_NO_FINANCIEROS
2016-11-14,CGM Leasing Argentina S.A.,Serie XI,ARS,52857142,General,0.2749,30.4,52.8571,FINANCIERO
2016-11-15,Decréditos S.A.,Serie V,ARS,55073684,PyME,0.2800,36.5,55.0737,FINANCIERO
2016-11-15,Banco Supervielle S.A.,Clase VII,ARS,269100000,General,0.2575,12.2,269.1000,FINANCIERO
2016-11-16,BBVA Banco Francés S.A.,Clase 21,ARS,90000000,General,0.2450,18.2,90.0000,FINANCIERO
2016-11-16,BBVA Banco Francés S.A.,Clase 22,ARS,181052631,General,0.2500,36.5,181.0526,FINANCIERO
2016-11-16,Banco de Servicios y Transacciones S.A.U.,Clase XI,ARS,75000000,General,0.2613,85.2,75.0000,FINANCIERO
2016-11-23,FCA Compañía Financiera S.A.,Clase XII,ARS,200000000,General,0.2400,24.3,200.0000,FINANCIERO
2016-11-24,Dulcor S.A.,Clase I,ARS,49633331,General,0.2581,24.3,49.6333,INDUSTRIA
2016-11-25,Celulosa Argentina S.A.,Clase 10,USD,40000943,General,0.0950,36.5,621.4000,INDUSTRIA
2016-11-25,Edisur S.A.,Única,USD,5000000,PyME,0.0750,48.7,77.6700,CONSTRUCCION_E_INFRAESTRUCTURA
2016-11-30,Benito Roggio e Hijos S.A.,Clase 4,ARS,200000000,General,0.2487,18.2,200.0000,CONSTRUCCION_E_INFRAESTRUCTURA
2016-12-01,Rogiro Aceros S.A.,Serie XI,ARS,50000000,General,0.2625,34.3,50.0000,INDUSTRIA
2016-12-02,CFN S.R.L.,Serie I - Clase A,ARS,150000000,General,0.2500,9.1,150.0000,FINANCIERO
2016-12-02,CFN S.R.L.,Serie I - Clase B,ARS,113541664,General,0.2531,24.3,113.5417,FINANCIERO
2016-12-05,Tarjeta Naranja S.A.,Clase XXXVI Serie I,ARS,210571124,General,0.2525,18.2,210.5711,FINANCIERO
2016-12-05,Tarjeta Naranja S.A.,Clase XXXVI Serie II,ARS,636409210,General,0.2525,36.5,636.4092,FINANCIERO
2016-12-14,Banco de Inversión y Comercio Exterior S.A.,Clase 3,ARS,615000000,General,0.2331,18.2,615.0000,FINANCIERO
2016-12-14,Banco de Inversión y Comercio Exterior S.A.,Clase 4,ARS,540588234,General,0.2381,36.5,540.5882,FINANCIERO
2016-12-15,Banco CMF S.A.,Clase 9,ARS,250000000,General,0.2475,18.2,250.0000,FINANCIERO
2016-12-15,Serviaut S.A.,Clase 1,ARS,52150000,PyME,0.2613,18.2,52.1500,COMERCIO
2016-12-16,Medanito S.A.,Clase 10,USD,20000000,General,0.0987,36.5,319.0000,ENERGIA
2016-12-16,Caterpillar Financial Services Argentina S.A.,Clase 2,ARS,164375000,General,0.2344,24.3,164.3750,FINANCIERO
2016-12-19,Euro S.A. ,Clase II,USD,2016440,PyME,0.0900,37.5,32.0000,INDUSTRIA
2016-12-19,John Deere Credit Compañía Financiera S.A.,Clase IX,USD,30575000,General,0.0680,36.5,484.8000,FINANCIERO
2016-12-21,Sicom S.A.,Clase III,ARS,40000000,PyME,0.2675,36.1,40.0000,CONSTRUCCION_E_INFRAESTRUCTURA
2016-12-21,Banco Itaú Argentina S.A.,Clase 21,ARS,344919786,General,0.2350,36.5,344.9198,FINANCIERO
2016-12-21,Cordial Compañía Financiera S.A.,Clase 12,ARS,154214285,General,0.2490,12.2,154.2143,FINANCIERO
2016-12-21,Cordial Compañía Financiera S.A.,Clase 13,ARS,151428571,General,0.2525,18.2,151.4286,FINANCIERO
2016-12-22,Roch S.A.,Clase 3,USD,16000000,General,0.0988,36.5,252.4000,ENERGIA
2017-01-03,Cumar S.A.,Serie I,ARS,5000000,PyME,0.2713,24.3,5.0000,FINANCIERO
2017-01-12,Genneia S.A.,Clase XX,USD,350000000,General,0.0875,60.9,5537.3000,ENERGIA
2017-01-16,Banco de Servicios Financieros S.A.,Clase 18,ARS,500000000,General,0.2425,18.2,500.0000,FINANCIERO
2017-01-17,Pampa Energía S.A.,Serie I,USD,750000000,General,0.0750,121.7,11912.0000,ENERGIA
2017-01-18,Plural Cooperativa de Crédito Consumo y Vivienda Ltda.,Serie II,ARS,35000000,PyME,0.2675,32.1,35.0000,FINANCIERO
2017-01-19,Tarshop S.A.,Clase VII,ARS,229000000,General,0.2450,18.2,229.0000,FINANCIERO
2017-01-19,Tarshop S.A.,Clase VIII,ARS,53237500,General,0.2450,30.4,53.2375,FINANCIERO
2017-01-19,GPAT Compañía Financiera S.A.,Serie XXVI Clase A,ARS,197142858,General,0.2249,12.2,197.1429,FINANCIERO
2017-01-19,GPAT Compañía Financiera S.A.,Serie XXVI Clase B,ARS,52857142,General,0.2307,24.3,52.8571,FINANCIERO
2017-01-25,Rombo Compañía Financiera S.A.,Serie XXXVI,ARS,180000000,General,0.2293,24.3,180.0000,FINANCIERO
2017-01-26,Ribeiro S.A.C.I.F.A. e I.,Clase Q Serie I,ARS,47971000,General,0.2494,90.2,47.9710,COMERCIO
2017-01-26,Ribeiro S.A.C.I.F.A. e I.,Clase Q Serie II,USD,1990500,General,0.0700,90.2,31.7000,COMERCIO
2017-01-26,AES Argentina Generación S.A.,Clase A,USD,300000000,General,0.0775,85.2,4783.4000,ENERGIA
2017-01-31,Aeropuertos Argentina 2000 S.A.,individual,USD,400000000,General,0.0688,121.6,6364.7000,CONSTRUCCION_E_INFRAESTRUCTURA
2017-02-02,Banco Supervielle S.A.,Clase A,ARS,4768170000,General,0.2475,42.6,4768.1700,FINANCIERO
2017-02-06,CLISA Cía Latinoamericana de Infraestructura y Servicios S.A.,Adicionales Clase Única,USD,100000000,General,0.0950,78.4,1562.0000,CONSTRUCCION_E_INFRAESTRUCTURA
2017-02-06,Inversora Juramento S.A.,Clase 6,ARS,400000000,General,0.2357,48.7,400.0000,AGROPECUARIO
2017-02-07,Toyota Compañía Financiera de Argentina S.A.,Clase 22,ARS,250000000,General,0.2291,24.3,250.0000,FINANCIERO
2017-02-08,Tarjetas Cuyanas S.A.,Clase XXVII Serie II,ARS,500000000,General,0.2381,36.5,500.0000,FINANCIERO
2017-02-09,Generación Mediterránea S.A.,Clase VI,USD,34696397,General,0.0800,36.5,542.0000,ENERGIA
2017-02-09,Generación Mediterránea S.A.,Clase VII,ARS,553737013,General,0.2425,24.3,553.7370,ENERGIA
2017-02-15,Banco Hipotecario S.A.,Clase XLI,ARS,354362000,General,0.2320,18.2,354.3620,FINANCIERO
2017-02-15,Banco Hipotecario S.A.,Clase XLII,ARS,645638000,General,0.2351,36.5,645.6380,FINANCIERO
2017-02-15,Agrofina S.A.,Clase V,ARS,331696229,General,0.2525,24.3,331.6962,INDUSTRIA
2017-02-15,Agrofina S.A.,Clase VI,USD,4378944,General,0.0700,24.3,68.0000,INDUSTRIA
2017-02-17,Banco Santander Río S.A.,Clase XVI,ARS,336000000,General,0.2232,18.2,336.0000,FINANCIERO
2017-02-17,Banco Santander Río S.A.,Clase XVII,ARS,664000000,General,0.2252,42.6,664.0000,FINANCIERO
2017-02-20,Banco Comafi S.A.,Clase 17,ARS,250000000,General,0.2264,24.3,250.0000,FINANCIERO
2017-03-06,Axion Energy Argentina S.A.,Clase VII,ARS,400000000,General,0.2182,18.3,400.0000,ENERGIA
2017-03-15,Algabo S.A.,Serie III,ARS,10000000,PyME,0.2450,36.5,10.0000,INDUSTRIA
2017-03-15,Raghsa S.A.,Clase 3 Serie I,USD,100000000,General,0.0725,85.2,1555.0000,CONSTRUCCION_E_INFRAESTRUCTURA
2017-03-28,Raghsa S.A.,Clase 3 Serie II,USD,19729840,General,0.0725,84.9,307.0000,CONSTRUCCION_E_INFRAESTRUCTURA
2017-03-28,Carsa S.A.,Serie VII,ARS,250000000,General,0.2353,12.2,250.0000,COMERCIO
2017-03-28,Banco Santander Río S.A.,Clase XVIII,ARS,241866665,General,0.2121,18.3,241.8667,FINANCIERO
2017-03-28,Banco Santander Río S.A.,Clase XIX,ARS,1258133335,General,0.2178,36.5,1258.1333,FINANCIERO
2024-01-10,Chayé Hnos. S.R.L.,Serie I Clase A,ARS,499933536,PyME_Garantizada,1.1029,24.4,499.9335,INDUSTRIA
2024-01-10,Chayé Hnos. S.R.L.,Serie I Clase B,Dolar_Linked,311095,PyME_Garantizada,0.0000,24.4,254.0000,INDUSTRIA
2024-01-10,Gente de La Pampa S.A.,Serie I,Dolar_Linked,480000,PyME_Garantizada,0.0000,12.2,391.0000,INDUSTRIA
2024-01-10,YPF S.A.,Clase XXVIII,USD,800000000,General,0.0950,85.2,651960.0000,ENERGIA
2024-01-11,Cresud S.A.C.I.F.A.,Clase XLIII,ARS,19886023585,General,1.0950,12.2,19886.0236,AGROPECUARIO
2024-01-11,Cresud S.A.C.I.F.A.,Clase XLIV,USD,39765830,General,0.0600,36.5,32427.0000,AGROPECUARIO
2024-01-15,Banco de Galicia y Buenos Aires S.A.U.,Clase XIII,ARS,24727777777,General,1.1163,6.1,24727.7778,FINANCIERO
2024-01-16,Sion S.A.,Serie XIII,UVA,4000000,PyME,0.0000,36.5,1980.0000,SERVICIOS_NO_FINANCIEROS
2024-01-30,Newsan S.A.,Clase 20,ARS,12000000000,General,1.1263,12.2,12000.0000,INDUSTRIA
2024-01-31,Banco de Servicios Financieros S.A.,Clase 24,ARS,10000000000,General,1.1344,12.2,10000.0000,FINANCIERO
2024-02-01,Tarjeta Naranja S.A.U.,Clase LXI,ARS,35000000000,General,1.1144,12.2,35000.0000,FINANCIERO
2024-02-07,Plaza Logística S.R.L.,Clase 11,ARS,3994444444,General,1.0790,12.2,3994.4444,CONSTRUCCION_E_INFRAESTRUCTURA
2024-02-08,Albanesi Energía S.A.,Clase XIII,USD,11627494,General,0.0900,30.4,9658.0000,ENERGIA
2024-02-08,Albanesi Energía S.A.,Clase XII,Dolar_Linked,5563088,General,0.0650,24.4,4621.0000,ENERGIA
2024-02-08,Albanesi Energía S.A.,Clasi XIV,ARS,4601456149,General,1.1444,12.2,4601.4561,ENERGIA
2024-02-15,Banco Hipotecario S.A.,Clase 7,ARS,10401000000,General,1.1263,6.1,10401.0000,FINANCIERO
2024-02-15,Grupo ST S.A.,Clase 11,Dolar_Linked,8400662,General,0.0600,24.4,7011.0000,FINANCIERO
2024-02-15,Grupo ST S.A.,Clase 10,ARS,1743800000,General,1.1263,24.4,1743.8000,FINANCIERO
2024-02-21,Compañía General de Combustibles S.A.,Clase 34,USD,38537380,General,0.0700,24.4,32289.0000,ENERGIA
2024-02-21,Compañía General de Combustibles S.A.,Clase 33,Dolar_Linked,21462620,General,0.0400,24.4,17982.0000,ENERGIA
2024-02-22,Banco de Servicios y Transacciones S.A.U.,Clase XV,ARS,3392473118,General,1.1156,12.2,3392.4731,FINANCIERO
2024-02-22,Surcos S.A.,Clase XII A VS,Dolar_Linked,3606129,General,0.0700,24.4,3023.0000,AGROPECUARIO
2024-02-22,Surcos S.A.,Clase XII C,ARS,745000000,General,1.1556,12.2,745.0000,AGROPECUARIO
2024-02-22,Recard S.A.,Serie I,ARS,300000000,PyME_Garantizada,1.0956,24.4,300.0000,COMERCIO
2024-02-23,Banco Santander Argentina S.A.,Clase XXVI,ARS,37941578947,General,1.1175,6.1,37941.5789,FINANCIERO
2024-02-23,YPF Energía Eléctrica S.A.,Clase XIV,Dolar_Linked,18043469,General,0.0300,36.5,15138.0000,ENERGIA
2024-02-23,YPF Energía Eléctrica S.A.,Clase XV,USD,11287656,General,0.0600,36.5,9470.0000,ENERGIA
2024-02-26,IRSA Inversiones y Representaciones S.A.,Clase XIX,ARS,26203845375,General,1.0980,12.2,26203.8454,CONSTRUCCION_E_INFRAESTRUCTURA
2024-02-26,IRSA Inversiones y Representaciones S.A.,Clase XVIII,USD,21408926,General,0.0700,36.5,17997.0000,CONSTRUCCION_E_INFRAESTRUCTURA
2024-02-26,Pampa Energía S.A.,Clase 19,ARS,17131250000,General,1.0781,12.2,17131.2500,ENERGIA
2024-02-26,Trace Group S.A.,Clase I Serie II,ARS,400000000,PyME_Garantizada,1.0780,24.4,400.0000,SERVICIOS_NO_FINANCIEROS
2024-02-26,Demagro S.R.L.,Serie I Clase B,Dolar_Linked,211020,PyME_Garantizada,0.0363,24.3,177.0000,COMERCIO
2024-02-27,Pan American Energy SL Sucursal Argentina,Clase 30,USD,30000000,General,0.0570,24.4,25235.0000,ENERGIA
2024-02-27,Petrolera Aconcagua Energía S.A.,Clase VIII,Dolar_Linked,13411928,General,0.0750,36.5,11281.0000,ENERGIA
2024-02-27,Petrolera Aconcagua Energía S.A.,Clase X,USD,9065611,General,0.0850,36.5,7626.0000,ENERGIA
2024-02-27,Petrolera Aconcagua Energía S.A.,Clase XI,USD,4440934,General,0.0950,48.7,3735.0000,ENERGIA
2024-02-28,CNH Industrial Capital Argentina S.A.,Clase 6,Dolar_Linked,53299000,General,0.0750,24.3,44864.0000,FINANCIERO
2024-02-28,Petroquímica Comodoro Rivadavia S.A.,Clase P,ARS,21064999000,General,1.0906,12.2,21064.9990,INDUSTRIA
2024-03-01,Banco CMF S.A.,Clase 15,ARS,10024000000,General,1.1231,6.1,10024.0000,FINANCIERO
2024-03-04,Vista Energy Argentina S.A.U.,Clase XXIII,USD,60000000,General,0.0650,36.5,50655.0000,ENERGIA
2024-03-05,Empresa Distribuidora y Comercializadora Norte S.A. (Edenor),Clase 3,USD,95762688,General,0.0975,33.0,80943.0000,ENERGIA
2024-03-05,Empresa Distribuidora y Comercializadora Norte S.A. (Edenor),Clase 4,ARS,3577350656,General,1.1194,12.2,3577.3507,ENERGIA
2024-03-05,John Deere Credit Compañía Financiera S.A.,Clase X,Dolar_Linked,26493849,General,0.0750,24.3,22394.0000,FINANCIERO
2024-03-06,Plaza Logística S.R.L.,Clase 12,UVA,13288056,General,0.0000,24.3,9334.0000,CONSTRUCCION_E_INFRAESTRUCTURA
2024-03-06,Genneia S.A.,Clas XLIII,USD,20697951,General,0.0625,36.5,17505.0000,ENERGIA
2024-03-06,Genneia S.A.,XLIV,Dolar_Linked,12502792,General,0.0500,24.3,10574.0000,ENERGIA
2024-03-07,Generación Mediterránea S.A. y Central Térmica Roca S.A.,Clase XXVIII,USD,5547802,General,0.0950,24.3,1263.0000,ENERGIA
2024-03-07,Generación Mediterránea S.A. y Central Térmica Roca S.A.,Clase XXIX,ARS,1696417478,General,1.1306,12.2,1696.4175,ENERGIA
2024-03-07,Generación Mediterránea S.A. y Central Térmica Roca S.A.,Clase XXX,UVA,6037123,General,0.0000,36.5,4268.0000,ENERGIA
2024-03-07,Generación Mediterránea S.A. y Central Térmica Roca S.A.,Adicionales Clase XXIV Clase A,Dolar_Linked,1503702,General,0.0500,16.6,1273.0000,ENERGIA
2024-03-07,Generación Mediterránea S.A. y Central Térmica Roca S.A.,Adicionales Clase XXIV Clase B,Dolar_Linked,407431,General,0.0500,16.6,345.0000,ENERGIA
2024-03-07,Laboratorios Richmond S.A.C.I.F.,Serie V,USD,1491900,General,0.1000,36.5,1263.0000,INDUSTRIA
2024-03-08,MSU Energy S.A.,Clase VIII,ARS,7831109206,General,1.1194,10.2,7831.1092,INDUSTRIA
2024-03-08,MSU Energy S.A.,Clase X,USD,13987965,General,0.0825,24.3,11844.0000,INDUSTRIA
2024-03-19,Aluar Aluminio Argentino S.A.I.C.,Clase 8,USD,100000000,General,0.0625,36.5,85275.0000,INDUSTRIA
2024-03-21,Daruma Pagos S.A.,Serie I,ARS,500000000,PyME_Garantizada,0.7525,24.3,500.0000,SERVICIOS_NO_FINANCIEROS
2024-03-22,Pampa Energía S.A.,Clase 20,USD,55171308,General,0.0600,24.3,47158.0000,ENERGIA
2024-03-22,Asociación Civil Sumatoria para una Nueva Economía,Clase V,ARS,800000000,PyME_Garantizada,0.6976,24.3,800.0000,FINANCIERO
2024-03-25,Liliana S.R.L.,Serie II Clase 1,ARS,2500000000,PyME_Garantizada,0.7038,24.3,2500.0000,INDUSTRIA
2024-03-26,Empresa Distribuidora y Comercializadora Norte S.A. (Edenor),Adicionales Clase 4,ARS,20820938705,General,0.7419,11.5,20820.9387,ENERGIA
2024-04-09,Raghsa S.A.,Clase 6,USD,10000000,General,0.0598,24.3,8648.0000,CONSTRUCCION_E_INFRAESTRUCTURA
2024-04-10,Compañía TSB S.A.,Serie I,ARS,1900000000,PyME_Garantizada,0.6956,24.3,1900.0000,SERVICIOS_NO_FINANCIEROS
2024-04-15,Transportes Andesmar S.A.,Serie I Clase I,ARS,600000000,PyME_Garantizada,0.5881,24.3,600.0000,SERVICIOS_NO_FINANCIEROS
2024-04-18,Cresud S.A.C.I.F.A.,Clase XLV,USD,10199068,General,0.0600,28.4,8871.0000,AGROPECUARIO
2024-04-18,Grúas San Blas S.A.,Serie II Clase I,ARS,3000000000,PyME_Garantizada,0.6280,24.3,3000.0000,COMERCIO
2024-04-18,Tecpetrol S.A.,Clase 7,USD,120000000,General,0.0598,24.3,104370.0000,ENERGIA
2024-04-18,Meridiano Norte S.A.,Serie II,ARS,700000000,PyME_Garantizada,0.6181,24.3,700.0000,FINANCIERO
2024-04-19,Credicuotas Consumo S.A.,Serie VII,ARS,9302661529,General,0.6594,12.2,9302.6615,FINANCIERO
2024-04-19,Segufer S.A.,Serie III,ARS,212000000,PyME_Garantizada,0.6354,24.3,212.0000,COMERCIO
2024-04-22,Oiltanking Ebytem S.A.,Serie II,USD,32947113,General,0.0700,36.5,28738.0000,SERVICIOS_NO_FINANCIEROS
2024-04-22,Promedon S.A.,Serie II Clase I,ARS,2272205378,PyME_Garantizada,0.6071,24.3,2272.2054,INDUSTRIA
2024-04-22,Promedon S.A.,Serie II Clase II,Dolar_Linked,261858,PyME_Garantizada,0.0100,24.3,228.0000,INDUSTRIA
2024-04-25,Produsem S.A.,Serie II Clase II,Dolar_Linked,1200000,PyME_Garantizada,0.0543,24.3,1049.0000,AGROPECUARIO
2024-04-25,Capex S.A.,Clase VIII,USD,47354472,General,0.0595,26.4,41376.0000,ENERGIA
2024-04-25,Pan American Energy SL Sucursal Argentina,Clase 31,USD,400000000,General,0.0850,97.4,349500.0000,ENERGIA
2024-04-29,Surcos S.A.,Serie XIII,ARS,2693750000,General,0.5781,12.2,2693.7500,AGROPECUARIO
2024-04-30,Vista Energy Argentina S.A.U.,Adicionales Clase XXIII,USD,32202616,General,0.0650,34.6,28234.0000,ENERGIA
2024-04-30,Vista Energy Argentina S.A.U.,Clase XXIV,USD,46561789,General,0.0800,60.9,40823.0000,ENERGIA
2024-05-02,Empresa Distribuidora de Electricidad de Mendoza S.A.,Clase 1,UVA,31928347,General,0.0500,24.3,28531.0000,ENERGIA
2024-05-02,Empresa Distribuidora de Electricidad de Mendoza S.A.,Clase 2,ARS,6607014279,General,0.5488,12.2,6607.0143,ENERGIA
2024-05-02,Inversora Juramento S.A.,Clase IV,ARS,30000000000,General,0.5288,12.2,30000.0000,AGROPECUARIO
2024-05-02,Agronorte S.R.L.,Serie II Clase A,ARS,1052531200,PyME_Garantizada,0.5088,24.3,1052.5312,COMERCIO
2024-05-02,Agronorte S.R.L.,Serie II Clase B,Dolar_Linked,425300,PyME_Garantizada,0.0600,24.3,374.0000,COMERCIO
2024-05-06,CFN S.R.L.,Serie VI Clase A,ARS,5956679000,General,0.4731,12.2,5956.6790,FINANCIERO
2024-05-07,Newsan S.A.,Clase 21,ARS,13060705426,General,0.4644,12.2,13060.7054,INDUSTRIA
2024-05-07,Ratto Hnos. S.A.C.F.A.,Serie I Clase 2,ARS,1318624950,PyME_Garantizada,0.4193,24.3,1318.6250,COMERCIO
2024-05-10,Pampa Energía S.A.,Adicionales Clase 20,USD,52495488,General,0.0600,22.7,46340.0000,ENERGIA
2024-05-10,Meranol S.A.C.I.,Clase 25,ARS,1700000000,PyME,0.4938,14.2,1700.0000,INDUSTRIA
2024-05-14,Celulosa Argentina S.A.,Clase 18,USD,34873114,General,0.0925,48.7,30871.0000,INDUSTRIA
2024-05-14,Celulosa Argentina S.A.,Clase 19,ARS,4533448945,General,0.4618,12.2,4533.4489,INDUSTRIA
2024-05-17,Agro de Souza S.A.,Serie I Clase I,ARS,587584406,PyME_Garantizada,0.3619,24.3,587.5844,COMERCIO
2024-05-17,Agro de Souza S.A.,Serie I Clase II,Dolar_Linked,336625,PyME_Garantizada,0.0700,36.5,299.0000,COMERCIO
2024-05-22,Tecnovax S.A.,Adicionales Serie I Clase 1,ARS,2524900000,PyME,0.3656,7.8,2524.9000,INDUSTRIA
2024-05-22,Tecnovax S.A.,Adicionales Serie I Clase 2,Dolar_Linked,2368500,PyME,0.0000,26.0,2107.0000,INDUSTRIA
2024-05-23,YPF S.A.,Clase XXIX,USD,177717716,General,0.0600,24.3,158213.0000,ENERGIA
2024-05-24,Banco Comafi S.A.,Clase I,USD,10750000,General,0.0100,6.0,9576.0000,FINANCIERO
2024-05-24,Banco Comafi S.A.,Clase II,USD,23140000,General,0.0100,6.0,20612.0000,FINANCIERO
2024-05-24,Generación Mediterránea S.A. y Central Térmica Roca S.A.,Clase XXXI,USD,38689072,General,0.1250,36.5,34462.0000,ENERGIA
2024-05-27,John Deere Credit Compañía Financiera S.A.,Clase XI,USD,23898369,General,0.0600,24.3,21335.0000,FINANCIERO
2024-05-27,John Deere Credit Compañía Financiera S.A.,Clase XII,ARS,10000000000,General,0.3583,12.2,10000.0000,FINANCIERO
2024-05-28,Generación Mediterránea S.A. y Central Térmica Roca S.A.,Clase XXXII,USD,11075280,General,0.0950,24.3,9893.0000,ENERGIA
2024-05-28,Generación Mediterránea S.A. y Central Térmica Roca S.A.,Clase XXXIII,ARS,1109148312,General,0.4169,12.2,1109.1483,ENERGIA
2024-05-28,Generación Mediterránea S.A. y Central Térmica Roca S.A.,Clase XXXIV,UVA,4723361,General,0.0500,24.3,4594.0000,ENERGIA
2024-06-03,Generación Mediterránea S.A. y Central Térmica Roca S.A.,Adicionales Clase XXXI,USD,21200000,General,0.1250,36.3,19004.0000,ENERGIA
2024-06-04,Telecom Argentina S.A.,Clase 20,Dolar_Linked,59728670,General,0.0500,24.3,53572.0000,SERVICIOS_NO_FINANCIEROS
2024-06-04,Crédito Directo S.A.,Clase XXVII,ARS,4528287517,General,0.4038,12.2,4528.2875,FINANCIERO
2024-06-04,Balanz Capital Valores S.A.U.,Serie I,USD,35000000,General,0.0500,24.3,31392.0000,FINANCIERO
2024-06-05,Plaza Logística S.R.L.,Clase 13,UVA,5215101,General,0.0249,36.5,5184.0000,CONSTRUCCION_E_INFRAESTRUCTURA
2024-06-05,Plaza Logística S.R.L.,Clase 14,ARS,8124834000,General,0.3756,12.2,8124.8340,CONSTRUCCION_E_INFRAESTRUCTURA
2024-06-05,IRSA Inversiones y Representaciones S.A.,Clase XX,USD,23015242,General,0.0600,24.3,20673.0000,CONSTRUCCION_E_INFRAESTRUCTURA
2024-06-05,IRSA Inversiones y Representaciones S.A.,Clase XXI,ARS,17012712873,General,0.3706,12.2,17012.7129,CONSTRUCCION_E_INFRAESTRUCTURA
2024-06-06,Los Valientes S.A.,Serie I,ARS,635000000,PyME_Garantizada,0.4288,24.3,635.0000,SERVICIOS_NO_FINANCIEROS
2024-06-06,Arcor S.A.I.C.,Clase 23,ARS,65681200000,General,0.3713,12.2,65681.2000,INDUSTRIA
2024-06-10,Telecom Argentina S.A.,Adicionales Clase 20,Dolar_Linked,21568635,General,0.0500,24.2,19437.0000,SERVICIOS_NO_FINANCIEROS
2024-06-10,Credicuotas Consumo S.A.,Serie VIII,ARS,6591500000,General,0.3975,12.2,6591.5000,FINANCIERO
2024-06-11,YPF Energía Eléctrica S.A.,Clase XVI,Dolar_Linked,97521007,General,0.0200,18.3,87981.0000,ENERGIA
2024-06-11,YPF Energía Eléctrica S.A.,Clase XVII,USD,10199945,General,0.0590,36.5,9202.0000,ENERGIA
2024-06-11,Ángel Estrada y Compañía S.A.,Clase 16,ARS,4086753854,General,0.4263,12.2,4086.7539,INDUSTRIA
2024-06-11,Aluar Aluminio Argentino S.A.I.C.,Serie 9,USD,50000000,General,0.0600,24.3,45109.0000,INDUSTRIA
2024-06-12,Argensun S.A.,Clase II Serie 2,Dolar_Linked,5000000,PyME_Garantizada,0.0150,30.4,4511.0000,INDUSTRIA
2024-06-13,Oleoductos del Valle S.A.,Clase 4,Dolar_Linked,75000000,General,0.0300,24.3,67694.0000,SERVICIOS_NO_FINANCIEROS
2024-06-13,ALZ Nutrientes S.A.,Serie II Clase II,Dolar_Linked,1500000,PyME_Garantizada,0.0148,24.3,1354.0000,INDUSTRIA
2024-06-25,YPF S.A.,Clase XXX,Dolar_Linked,185000000,General,0.0100,24.3,168289.0000,ENERGIA
2024-06-25,Goldmund S.A.,Serie I,ARS,1500000000,PyME_Garantizada,0.4019,24.3,1500.0000,INDUSTRIA
2024-06-26,Rizobacter Argentina S.A.,Serie IX Clase A,Dolar_Linked,12984397,General,0.0500,24.3,11826.0000,AGROPECUARIO
2024-06-26,Rizobacter Argentina S.A.,Serie IX Clase B,USD,7015603,General,0.0750,24.3,6389.0000,AGROPECUARIO
2024-06-26,Genneia S.A.,Clase XLVI,Dolar_Linked,60000000,General,0.0200,24.3,54645.0000,ENERGIA
2024-06-26,Compañía General de Combustibles S.A.,Clase 35,Dolar_Linked,149575391,General,0.0300,20.3,136226.0000,ENERGIA
2024-06-26,Aspro Servicios Petroleros S.A.,Serie II Clase II,Dolar_Linked,2000000,PyME_Garantizada,0.0098,27.4,1822.0000,SERVICIOS_NO_FINANCIEROS
2024-06-27,Xeitosiño S.A.,Clase II,Dolar_Linked,3000000,PyME_Garantizada,0.0000,24.3,2735.0000,INDUSTRIA
2024-06-27,Lipsa S.R.L.,Clase VI,USD,12000000,General,0.0900,24.3,10832.0000,AGROPECUARIO
2024-07-01,John Deere Credit Compañía Financiera S.A.,Clase XIII,Dolar_Linked,30000000,General,0.0000,18.3,27435.0000,FINANCIERO
2024-07-02,Pan American Energy SL Sucursal Argentina,Clase 33,Dolar_Linked,75000000,General,0.0000,36.5,68638.0000,ENERGIA
2024-07-03,Capex S.A.,Clase X,Dolar_Linked,55599334,General,0.0000,36.5,50911.0000,ENERGIA
2024-07-04,Vista Energy Argentina S.A.U.,Clase XXV,Dolar_Linked,53195250,General,0.0300,48.7,48723.0000,ENERGIA
2024-07-10,Compañía General de Combustibles S.A.,Adicionales Clase 35,Dolar_Linked,25410932,General,0.0300,19.9,23374.0000,ENERGIA
2024-07-10,Petrosurco S.A.,Serie II Clase I,ARS,104217964,PyME_Garantizada,0.3625,18.2,104.2180,COMERCIO
2024-07-10,Petrosurco S.A.,Serie II Clase II,Dolar_Linked,886435,PyME_Garantizada,0.0100,18.2,815.0000,COMERCIO
2024-07-11,Telecom Argentina S.A.,Clase 21,USD,500000000,General,0.0950,85.2,460250.0000,SERVICIOS_NO_FINANCIEROS
2024-07-12,Petroquímica Comodoro Rivadavia S.A.,Clase Q,Dolar_Linked,34983945,General,0.0150,36.5,32246.0000,INDUSTRIA
2024-07-15,Cresud S.A.C.I.F.A.,Clase XLVI,Dolar_Linked,28553518,General,0.0150,36.5,26353.0000,AGROPECUARIO
2024-07-15,Zuamar S.A.,Serie II,Dolar_Linked,543068,PyME_Garantizada,0.0249,36.5,501.0000,ENERGIA
2024-07-16,Petrolera Aconcagua Energía S.A.,Clase XII,Dolar_Linked,25023948,General,0.0200,24.3,23110.0000,ENERGIA
2024-07-18,Transportadora de Gas del Sur S.A.,Clase 3,USD,490000000,General,0.0850,85.2,453128.0000,ENERGIA
2024-07-19,MSU S.A.,Serie XIV,USD,33500000,General,0.0750,36.5,31046.0000,AGROPECUARIO
2024-07-23,Ledesma S.A.A.I.,Clase 14,ARS,35000000000,General,0.4594,9.1,35000.0000,INDUSTRIA
2024-07-25,Telecom Argentina S.A.,Adicionales Clase 21,USD,115263000,General,0.0950,84.8,107099.0000,SERVICIOS_NO_FINANCIEROS
2024-07-25,S.A. San Miguel A.G.I.C.I.F.,Serie X Clase A,Dolar_Linked,24728949,PyME,0.0700,24.3,22977.0000,INDUSTRIA
2024-07-25,S.A. San Miguel A.G.I.C.I.F.,Serie X Clase B,USD,7297608,PyME,0.0900,24.3,6781.0000,INDUSTRIA
2024-07-26,Mirgor S.A.C.I.F.I.A.,Clase I,ARS,11045000000,General,0.4449,12.2,11045.0000,INDUSTRIA
2024-07-26,Mirgor S.A.C.I.F.I.A.,Clase II,Dolar_Linked,37831034,General,0.0375,18.3,11045.0000,INDUSTRIA
2024-07-26,Rowing S.A.,Serie I,ARS,9300000000,PyME_Garantizada,0.4209,12.2,9300.0000,CONSTRUCCION_E_INFRAESTRUCTURA
2024-07-31,Banco Supervielle S.A.,Clase H,ARS,20877777777,General,0.4275,12.2,20877.7778,FINANCIERO
2024-08-01,Empresa Distribuidora y Comercializadora Norte S.A. (Edenor),Clase 5,USD,81920187,General,0.0950,48.7,76466.0000,ENERGIA
2024-08-01,Empresa Distribuidora y Comercializadora Norte S.A. (Edenor),Clase 6,ARS,17313352309,General,0.4725,12.2,17313.3523,ENERGIA
2024-08-05,Telecom Argentina S.A.,Clase 22,Dolar_Linked,33685981,General,0.0200,18.3,31522.0000,SERVICIOS_NO_FINANCIEROS
2024-08-06,Banco de Galicia y Buenos Aires S.A.U.,Clase XIV,ARS,35384000000,General,0.4244,6.1,35384.0000,FINANCIERO
2024-08-06,Celulosa Argentina S.A.,Clase 20,USD,3699506,General,0.0800,18.3,3465.0000,INDUSTRIA
2024-08-06,Celulosa Argentina S.A.,Clase 21,Dolar_Linked,11300494,General,0.0700,18.3,10583.0000,INDUSTRIA
2024-08-07,Crown Point Energía S.A.,Clase V,Dolar_Linked,7183058,General,0.0800,18.3,6731.0000,ENERGIA
2024-08-07,Labac S.A.,Serie I,ARS,200000000,PyME_Garantizada,0.4437,24.3,200.0000,INDUSTRIA
2024-08-07,RDA Renting S.A.,Serie IV Clase I,ARS,700000000,PyME_Garantizada,0.4638,24.3,700.0000,INDUSTRIA
2024-08-08,Ecofactory S.R.L.,Serie I Clase I,ARS,468222200,PyME_Garantizada,0.4003,12.2,468.2222,INDUSTRIA
2024-08-09,Laboratorios Richmond S.A.C.I.F.,Serie VI Clase A,ARS,5050000000,General,0.4419,18.3,5050.0000,INDUSTRIA
2024-08-09,Laboratorios Richmond S.A.C.I.F.,Serie VI Clase B,Dolar_Linked,3962593,General,0.0800,24.3,3724.0000,INDUSTRIA
2024-08-09,Laboratorios Richmond S.A.C.I.F.,Serie VI Clase C,UVA,2755895,General,0.0800,24.3,3046.0000,INDUSTRIA
2024-08-12,Klonal S.R.L.,Serie I,ARS,400000000,PyME_Garantizada,0.4393,24.3,400.0000,INDUSTRIA
2024-08-15,C&C Medical's S.A.,Serie I,ARS,700000000,PyME_Garantizada,0.4248,24.3,700.0000,COMERCIO
2024-08-15,Banco Comafi S.A.,Adicionales Clase I,USD,5000000,General,0.0100,3.3,4710.0000,FINANCIERO
2024-08-15,Banco Comafi S.A.,Clase III,USD,28386900,General,0.0100,6.0,26740.0000,FINANCIERO
2024-08-15,Banco Comafi S.A.,Clase IV,Dolar_Linked,15448300,General,0.0000,12.5,14552.0000,FINANCIERO
2024-08-19,Hidrotec S.A.,Serie II Clase I,ARS,2566424470,PyME_Garantizada,0.4186,18.3,2566.4245,CONSTRUCCION_E_INFRAESTRUCTURA
2024-08-19,Hidrotec S.A.,Serie II Clase II,Dolar_Linked,460000,PyME_Garantizada,0.0300,24.3,434.0000,CONSTRUCCION_E_INFRAESTRUCTURA
2024-08-20,Agrotecnología Sala S.A.,Serie II Clase A,ARS,280800207,PyME_Garantizada,0.4523,24.3,280.8002,COMERCIO
2024-08-20,Agrotecnología Sala S.A.,Serie II Clase B,Dolar_Linked,808411,PyME_Garantizada,0.0600,24.3,764.0000,COMERCIO
2024-08-20,Cedisur S.A.,Serie I,ARS,400000000,PyME_Garantizada,0.4330,24.3,400.0000,COMERCIO
2024-08-20,Estación de Servicios 25 de Mayo S.R.L.,Serie I Clase A,ARS,60000000,PyME_Garantizada,0.4675,24.3,60.0000,COMERCIO
2024-08-20,Estación de Servicios 25 de Mayo S.R.L.,Serie I Clase B,ARS,60000000,PyME_Garantizada,0.4725,36.5,60.0000,COMERCIO
2024-08-20,Oiltanking Ebytem S.A.,Adicionales Serie I,Dolar_Linked,3862222,General,0.0000,18.6,3649.0000,SERVICIOS_NO_FINANCIEROS
2024-08-20,Oiltanking Ebytem S.A.,Adicionales Serie II,USD,13892221,General,0.0700,32.5,1326.0000,SERVICIOS_NO_FINANCIEROS
2024-08-21,Héctor A. Bertone S.A.,Serie II Clase I,ARS,3065000000,PyME,0.4725,12.2,3065.0000,COMERCIO
2024-08-21,Héctor A. Bertone S.A.,Serie II Clase III,Dolar_Linked,3300000,PyME,0.0800,18.3,3120.0000,COMERCIO
2024-08-21,INVAP S.E.,Clase VI Serie I,Dolar_Linked,12721364,General,0.0500,24.3,12026.0000,INDUSTRIA
2024-08-22,Ricardo Venturino S.A.,Serie IV Clase I,ARS,1404801771,PyME_Garantizada,0.4325,12.2,1404.8018,AGROPECUARIO
2024-08-22,Ricardo Venturino S.A.,Serie IV Clase II,Dolar_Linked,1013175,PyME_Garantizada,0.0500,18.3,959.0000,AGROPECUARIO
2024-08-22,Tarjeta Naranja S.A.U.,Clase LXII,ARS,30000000000,General,0.4675,9.1,30000.0000,FINANCIERO
2024-08-26,Albanesi Energía S.A.,Clase XV y Adicionales Clase XV,USD,17749189,General,0.0975,36.5,49712.0000,ENERGIA
2024-08-26,Albanesi Energía S.A.,Clase XVI y Adicionales Clase XVI,Dolar_Linked,42028280,General,0.0675,36.5,61804.0000,ENERGIA
2024-08-26,Albanesi Energía S.A.,Clase XVII y Adicionales Clase XVII,Dolar_Linked,44788040,General,0.0675,48.7,42507.0000,ENERGIA
2024-08-26,Albanesi Energía S.A.,Clase XVIII y Adicionales Clase XVIII,UVA,24670554,General,0.0400,36.5,27823.0000,ENERGIA
2024-08-26,Generación Mediterránea S.A. y Central Térmica Roca S.A.,Clase XXXV y Adicionales Clase XXXV,USD,52379003,General,0.0975,36.5,49712.0000,ENERGIA
2024-08-26,Generación Mediterránea S.A. y Central Térmica Roca S.A.,Clase XXXVI y Adicionales Clase XXXVI,Dolar_Linked,65120032,General,0.0675,36.5,61804.0000,ENERGIA
2024-08-26,Generación Mediterránea S.A. y Central Térmica Roca S.A.,Clase XXXVII y Adicionales Clase XXXVII,Dolar_Linked,71337585,General,0.0675,48.7,67705.0000,ENERGIA
2024-08-26,Generación Mediterránea S.A. y Central Térmica Roca S.A.,Clase XXXVIII y Adicionales Clase XXXVIII,UVA,21765631,General,0.0400,36.5,24547.0000,ENERGIA
2024-08-27,Industrial and Commercial Bank of China (Argentina) S.A.U.,Clase I,ARS,37393000000,General,0.4619,12.2,37393.0000,FINANCIERO
2024-08-28,Eskabe S.A.,Serie II Clase I,ARS,1800000000,PyME_Garantizada,0.4278,24.3,1800.0000,INDUSTRIA
2024-08-28,Gualok S.R.L.,Serie I Clase A,ARS,60000000,PyME_Garantizada,0.4381,24.3,60.0000,INDUSTRIA
2024-08-28,Gualok S.R.L.,Serie I Clase B,ARS,60000000,PyME_Garantizada,0.4481,60.9,60.0000,INDUSTRIA
2024-08-28,Patagonian Fruits S.A.,Serie III Clase A,Dolar_Linked,2245000,PyME_Garantizada,0.0499,24.3,2133.0000,COMERCIO
2024-08-28,Patagonian Fruits S.A.,Serie III Clase B,ARS,241995000,PyME_Garantizada,0.4281,24.3,241.9950,COMERCIO
2024-09-02,Petrolera Aconcagua Energía S.A.,Clase XIV,ARS,19313593400,General,0.4538,12.2,19313.5934,ENERGIA
2024-09-03,Garro Fabril S.A.,Serie II Clase A,ARS,202938610,PyME_Garantizada,0.4494,24.3,202.9386,SERVICIOS_NO_FINANCIEROS
2024-09-03,Garro Fabril S.A.,Serie II Clase B,Dolar_Linked,91430,PyME_Garantizada,0.0450,24.3,87.0000,INDUSTRIA
2024-09-03,PRO-DE-MAN S.A.,Serie III Clase 1,ARS,3256000000,PyME_Garantizada,0.4444,24.3,3256.0000,INDUSTRIA
2024-09-03,PRO-DE-MAN S.A.,Serie III Clase 2,Dolar_Linked,1569000,PyME_Garantizada,0.0489,18.2,1497.0000,INDUSTRIA
2024-09-04,Bisordi-Kremar S.R.L.,Serie I Clase A,ARS,90000000,PyME_Garantizada,0.4350,24.3,90.0000,COMERCIO
2024-09-04,Bisordi-Kremar S.R.L.,Serie I Clase B,ARS,90000000,PyME_Garantizada,0.4475,60.9,90.0000,COMERCIO
2024-09-04,Hattrick Energy S.A.S.,Serie I Clase 1,Dolar_Linked,3000000,PyME_Garantizada,0.0550,24.3,2684.0000,ENERGIA
2024-09-04,YPF S.A.,Clase XXXI,USD,500000000,General,0.0875,85.2,477250.0000,ENERGIA
2024-09-05,Talleres Metalúrgicos Crucianelli S.A.,Serie II Clase 1,ARS,4304569050,PyME_Garantizada,0.4413,24.3,4304.5691,INDUSTRIA
2024-09-05,Talleres Metalúrgicos Crucianelli S.A.,Serie II Clase 3,Dolar_Linked,2486953,PyME_Garantizada,0.0625,24.3,2375.0000,INDUSTRIA
2024-09-05,Pampa Energía S.A.,Clase 21,USD,410000000,General,0.0795,85.2,391517.0000,ENERGIA
2024-09-06,Pallets Jauregui S.A.,Serie I,ARS,806250000,PyME_Garantizada,0.4440,24.3,806.2500,INDUSTRIA
2024-09-10,Rombo Compañía Financiera S.A.,Clase 57,ARS,7915556667,General,0.4413,12.2,7915.5567,FINANCIERO
2024-09-10,Rombo Compañía Financiera S.A.,Clase 58,ARS,2084443333,General,0.4613,24.3,2084.4433,FINANCIERO
2024-09-12,Gastaldi Hnos. S.A.I. y C.F. e I.,Serie II Clase II,ARS,4679000000,PyME_Garantizada,0.4625,24.3,4679.0000,AGROPECUARIO
2024-09-16,Banco de Servicios y Transacciones S.A.U.,Clase XVIII,ARS,12040000000,General,0.4563,9.1,12040.0000,FINANCIERO
2024-09-16,Meranol S.A.C.I.,Clase 27,ARS,1719410758,PyME,0.4813,12.2,1719.4108,INDUSTRIA
2024-09-16,Meranol S.A.C.I.,Clase 28,Dolar_Linked,1729520,PyME,0.0850,18.2,1664.0000,INDUSTRIA
2024-09-16,Meranol S.A.C.I.,Clase 29,USD,118000,PyME,0.0950,24.3,114.0000,INDUSTRIA
2024-09-17,Banco de Galicia y Buenos Aires S.A.U.,Adicionales Clase XIV,ARS,9256962511,General,0.4375,4.7,9256.9625,FINANCIERO
2024-09-17,Banco de Galicia y Buenos Aires S.A.U.,Clase XV,ARS,42106850000,General,0.0395,6.4,42106.8500,FINANCIERO
2024-09-18,Banco BBVA Argentina S.A.,Clase 29,ARS,24500000000,General,0.4444,9.1,24500.0000,FINANCIERO
2024-09-18,Compañía TSB S.A.,Serie II Clase I,Dolar_Linked,3643853,PyME_Garantizada,0.0800,24.3,3510.0000,SERVICIOS_NO_FINANCIEROS
2024-09-19,YPF S.A.,Adicionales Clase XXXI,USD,40187700,General,0.0875,84.9,38731.0000,ENERGIA
2024-09-20,Creative PMO International S.A.,Serie I,ARS,200000000,PyME_Garantizada,0.4920,24.3,200.0000,SERVICIOS_NO_FINANCIEROS
2024-09-25,Credicuotas Consumo S.A.,Clase IX,ARS,11371204714,General,0.4763,12.2,11371.2047,FINANCIERO
2024-09-25,Pan American Energy SL Sucursal Argentina,Clase 34,USD,23055471,General,0.0497,36.5,22316.0000,ENERGIA
2024-09-25,Pan American Energy SL Sucursal Argentina,Clase 35,USD,176944529,General,0.0700,60.9,171268.0000,ENERGIA
2024-09-26,Reba Compañía Financiera S.A.,Serie I,ARS,2000000000,General,0.4953,9.1,2000.0000,FINANCIERO
2024-09-26,Recard S.A.,Serie II,ARS,800000000,PyME_Garantizada,0.4863,12.2,800.0000,COMERCIO
2024-09-30,Termoeléctrica S.A.,Serie III Clase I,Dolar_Linked,1031903,PyME_Garantizada,0.0800,36.5,1002.0000,INDUSTRIA
2024-10-01,Zafra S.A.,Serie II Clase A,ARS,614000000,PyME_Garantizada,0.5000,24.3,614.0000,COMERCIO
2024-10-01,Zafra S.A.,Serie II Clase B,Dolar_Linked,379797,PyME_Garantizada,0.0950,24.3,614.0000,COMERCIO
2024-10-02,Arcor S.A.I.C.,Clase 24,ARS,40000000000,General,0.4505,12.2,40000.0000,INDUSTRIA
2024-10-02,Grupo ST S.A.,Clase 13,USD,7658498,General,0.0700,9.1,7442.0000,FINANCIERO
2024-10-02,Pampa Energía S.A.,Clase 22,USD,83977835,General,0.0575,48.7,81605.0000,ENERGIA
2024-10-03,Banco de Galicia y Buenos Aires S.A.U.,Clase XVI,USD,325000000,General,0.0775,48.7,316144.0000,FINANCIERO
2024-10-07,Grupo Cohen S.A.,Clase 8,USD,8909000,General,0.0625,15.2,8691.0000,FINANCIERO
2024-10-07,Inversora Juramento S.A.,Clase V,USD,20000000,General,0.0600,24.3,19510.0000,AGROPECUARIO
2024-10-07,YPF S.A.,Clase XXXII,USD,125000000,General,0.0650,48.7,121938.0000,ENERGIA
2024-10-07,YPF S.A.,Clase XXXIII,USD,25000000,General,0.0700,48.7,121938.0000,ENERGIA
2024-10-08,Compañía General de Combustibles S.A.,Clase 36,USD,68262474,General,0.0650,36.5,66619.0000,ENERGIA
2024-10-08,Vista Energy Argentina S.A.U.,Clase XXVI,USD,150000000,General,0.0765,85.2,146388.0000,ENERGIA
2024-10-09,YPF Energía Eléctrica S.A.,Clase XVIII,USD,420000000,General,0.0788,97.4,410025.0000,ENERGIA
2024-10-10,S.A. San Miguel A.G.I.C.I.F.,Adicionales Serie X Clase A,Dolar_Linked,28205309,PyME,0.0700,21.8,27625.0000,INDUSTRIA
2024-10-10,S.A. San Miguel A.G.I.C.I.F.,Serie XI,USD,18037687,PyME,0.0950,24.3,17666.0000,INDUSTRIA
2024-10-15,Genneia S.A.,Clase XLVII,USD,48349695,General,0.0600,48.7,47411.0000,ENERGIA
2024-10-15,Industrial and Commercial Bank of China (Argentina) S.A.U.,Clase II,ARS,7525000000,General,0.4438,12.2,7525.0000,FINANCIERO
2024-10-15,Rolcar S.A.,Serie I,ARS,2000000000,PyME_Garantizada,0.4587,24.3,2000.0000,COMERCIO
2024-10-16,Gestión de Préstamos y Cobranzas S.A.,Serie II,ARS,400000000,PyME_Garantizada,0.4944,18.2,400.0000,SERVICIOS_NO_FINANCIEROS
2024-10-16,John Deere Credit Compañía Financiera S.A.,Clase XIV,USD,28658217,General,0.0500,24.3,28130.0000,FINANCIERO
2024-10-16,John Deere Credit Compañía Financiera S.A.,Clase XV,USD,16405232,General,0.0650,48.7,16103.0000,FINANCIERO
2024-10-17,Volkswagen Financial Services Compañía Financiera S.A.,Clase 11,ARS,15974962962,General,0.4638,12.2,15974.9630,FINANCIERO
2024-10-18,Paramérica S.A.,Serie II Clase I,ARS,1962600000,PyME_Garantizada,0.4774,24.3,1962.6000,COMERCIO
2024-10-18,Petroquímica Comodoro Rivadavia S.A.,Clase R,USD,46018072,General,0.0675,48.7,45274.0000,INDUSTRIA
2024-10-18,Empresa Distribuidora y Comercializadora Norte S.A. (Edenor),Clase 7,USD,135000000,General,0.0975,73.0,132817.0000,ENERGIA
2024-10-21,IRSA Inversiones y Representaciones S.A.,Clase XXII,USD,15799810,General,0.0575,36.5,15554.0000,CONSTRUCCION_E_INFRAESTRUCTURA
2024-10-21,IRSA Inversiones y Representaciones S.A.,Clase XXIII,USD,51467822,General,0.0725,60.9,50666.0000,CONSTRUCCION_E_INFRAESTRUCTURA
2024-10-22,Com & Log S.A.,Serie II Clase A,ARS,749000000,PyME_Garantizada,0.4931,24.3,749.0000,INDUSTRIA
2024-10-22,Com & Log S.A.,Serie II Clase B,ARS,151000000,PyME_Garantizada,0.4831,12.2,151.0000,INDUSTRIA
2024-10-22,Tecpetrol S.A.,Clase 8,USD,67430342,General,0.0500,36.5,66407.0000,ENERGIA
2024-10-22,Tecpetrol S.A.,Clase 9,USD,80541942,General,0.0680,60.9,79320.0000,ENERGIA
2024-10-23,Ferretera Central JT S.R.L.,Serie I,ARS,540000000,PyME_Garantizada,0.4938,18.2,540.0000,COMERCIO
2024-10-24,Empresa Distribuidora y Comercializadora Norte S.A. (Edenor),Clase 7 Canje,USD,48789286,General,0.0975,73.0,48122.0000,ENERGIA
2024-10-24,Generación Mediterránea S.A. y Central Térmica Roca S.A.,Clase XXXIX Serie A,USD,212963822,General,0.1100,85.3,206398.0000,ENERGIA
2024-10-24,Generación Mediterránea S.A. y Central Térmica Roca S.A.,Clase XXXIX Serie B,USD,141000000,General,0.1100,85.3,139073.0000,ENERGIA
2024-10-24,Petrolera Aconcagua Energía S.A.,Clase XV,USD,30617307,General,0.0900,48.7,30199.0000,ENERGIA
2024-10-24,Petrolera Aconcagua Energía S.A.,Clase XVI,Dolar_Linked,18159306,General,0.0800,48.7,17911.0000,ENERGIA
2024-10-24,Telecom Argentina S.A.,Adicionales Clase 21,USD,200000000,General,0.0950,81.8,197266.0000,SERVICIOS_NO_FINANCIEROS
2024-10-25,Caimán S.A.,Serie II Clase A,ARS,603300000,PyME_Garantizada,0.4956,24.3,603.3000,INDUSTRIA
2024-10-25,Navarro S.A.,Serie I Clase 1,Dolar_Linked,290128,PyME_Garantizada,0.0950,24.3,287.0000,COMERCIO
2024-10-25,Navarro S.A.,Serie I Clase 2,ARS,914285713,PyME_Garantizada,0.4956,24.3,914.2857,COMERCIO
2024-10-28,360 Energy Solar S.A.,Clase 4,USD,22278429,General,0.0800,36.5,22030.0000,ENERGIA
2024-10-29,Cloronor S.A.,Serie I Clase 2,ARS,250000000,PyME_Garantizada,0.5050,24.3,250.0000,INDUSTRIA
2024-10-29,Banco Comafi S.A.,Clase V,USD,16625000,General,0.0000,3.0,16446.0000,FINANCIERO
2024-10-29,Banco Comafi S.A.,Clase VI,USD,87536000,General,0.0050,3.0,86595.0000,FINANCIERO
2024-10-29,Crown Point Energía S.A.,Clase VI,USD,22000000,General,0.0950,36.5,21764.0000,ENERGIA
2024-10-30,Oiltanking Ebytem S.A.,Serie III,USD,35529895,General,0.0700,48.7,35183.0000,SERVICIOS_NO_FINANCIEROS
2024-10-31,Banco de Servicios y Transacciones S.A.U.,Clase XX,USD,12000000,General,0.0025,2.9,11889.0000,FINANCIERO
2024-11-01,Banco de Galicia y Buenos Aires S.A.U.,Clase XVII,USD,83477768,General,0.0200,5.9,82873.0000,FINANCIERO
2024-11-04,Surcos S.A.,Serie XIV Clase A,Dolar_Linked,15191230,General,0.0900,24.3,15090.0000,AGROPECUARIO
2024-11-04,Surcos S.A.,Serie XIV Clase B,USD,1577821,General,0.0900,30.4,1567.0000,AGROPECUARIO
2024-11-04,Surcos S.A.,Serie XIV Clase C,ARS,3078396350,General,0.4400,9.1,3078.3964,AGROPECUARIO
2024-11-05,Albanesi Energía S.A.,Clase XIX,USD,308135,General,0.1100,85.0,307.0000,ENERGIA
2024-11-05,Albanesi Energía S.A.,Clase XX,Dolar_Linked,11769050,General,0.1100,85.0,11707.0000,ENERGIA
2024-11-05,Generación Mediterránea S.A. y Central Térmica Roca S.A.,Clase XL,USD,1647811,General,0.1100,85.0,1639.0000,ENERGIA
2024-11-05,Generación Mediterránea S.A. y Central Térmica Roca S.A.,Clase XLI,Dolar_Linked,15438581,General,0.1100,85.0,15358.0000,ENERGIA
2024-11-05,Sion S.A.,Serie XIV,ARS,3000000000,PyME,0.4428,12.2,3000.0000,SERVICIOS_NO_FINANCIEROS
2024-11-07,Minera Exar S.A.,Clase I,USD,50000000,General,0.0800,36.5,49767.0000,MINERIA
2024-11-08,CNH Industrial Capital Argentina S.A.,Clase 7,USD,17014797,General,0.0600,24.3,16968.0000,FINANCIERO
2024-11-08,CNH Industrial Capital Argentina S.A.,Clase 8,USD,11056884,General,0.0750,48.7,11026.0000,FINANCIERO
2024-11-11,Pan American Energy SL Sucursal Argentina,Clase 36,USD,78100553,General,0.0725,85.2,77925.0000,ENERGIA
2024-11-11,Pan American Energy SL Sucursal Argentina,Clase 37,USD,74172648,General,0.0625,48.7,74006.0000,ENERGIA
2024-11-12,GPAT Compañía Financiera S.A.U.,Serie XXXVIII Clase A,ARS,8955223878,General,0.4288,12.2,8955.2239,FINANCIERO
2024-11-12,GPAT Compañía Financiera S.A.U.,Serie XXXVIII Clase B,ARS,937500000,General,0.4088,9.1,937.5000,FINANCIERO
2024-11-13,Cresud S.A.C.I.F.A.,Clase XLVII,USD,64417023,General,0.0700,48.7,64369.0000,AGROPECUARIO
2024-11-20,BACS Banco de Crédito y Securitización S.A.,Clase XVIII,ARS,20000000000,General,0.4217,12.4,20000.0000,FINANCIERO
2024-11-20,YPF Energía Eléctrica S.A.,Clase XIX,USD,49018232,General,0.0525,24.3,49202.0000,ENERGIA
2024-11-20,YPF Energía Eléctrica S.A.,Clase XX,USD,50981768,General,0.0675,48.7,51173.0000,ENERGIA
2024-11-21,S.A. San Miguel A.G.I.C.I.F.,Adicionales Serie XI,USD,16072840,PyME,0.0950,22.9,16149.0000,INDUSTRIA
2024-11-21,Tarjeta Naranja S.A.U.,Clase LXIII,USD,179163334,General,0.0625,12.2,180014.0000,FINANCIERO
2024-11-22,CFN S.R.L.,Serie VII,ARS,10591080000,General,0.4381,12.2,10591.0800,FINANCIERO
2024-11-25,Banco de Servicios Financieros S.A.,Clase 25,ARS,14055000000,General,0.4250,12.2,14055.0000,FINANCIERO
2024-11-25,Rizobacter Argentina S.A.,Serie X Clase A,Dolar_Linked,2396825,General,0.0700,24.3,2414.0000,AGROPECUARIO
2024-11-25,Rizobacter Argentina S.A.,Serie X Clase B,Dolar_Linked,23529711,General,0.0800,36.5,23700.0000,AGROPECUARIO
2024-11-25,MSU Energy S.A.,Clase XII Serie B,USD,176647540,General,0.0975,73.0,177928.0000,ENERGIA
2024-11-26,Credicuotas Consumo S.A.,Serie X Clase 1,ARS,7990000000,General,0.4431,12.2,7990.0000,ENERGIA
2024-11-26,Credicuotas Consumo S.A.,Serie X Clase 2,ARS,22010000000,General,0.4100,6.0,22010.0000,FINANCIERO
2024-11-26,Radiadores Prats S.A.,Serie II,ARS,2800000000,PyME_Garantizada,0.4481,24.3,2800.0000,FINANCIERO
2024-11-26,Telecom Argentina S.A.,Clase 23,USD,75247975,General,0.0700,48.7,75831.0000,SERVICIOS_NO_FINANCIEROS
2024-11-27,Banco Supervielle S.A.,Clase I,USD,30000000,General,0.0470,6.0,30263.0000,FINANCIERO
2024-11-28,Empresa Distribuidora de Electricidad de Mendoza S.A.,Clase 3,USD,16088343,General,0.0800,36.5,16237.0000,ENERGIA
2024-11-28,Empresa Distribuidora de Electricidad de Mendoza S.A.,Clase 4,ARS,17045539000,General,0.4400,12.2,17045.5390,ENERGIA
2024-11-28,FCA Compañía Financiera S.A.,Clase XX Serie I,UVA,6540000,General,0.0884,30.4,8277.0000,FINANCIERO
2024-11-28,FCA Compañía Financiera S.A.,Clase XX Serie II,ARS,7500000000,General,0.3360,15.2,7500.0000,FINANCIERO
2024-12-02,Banco de Galicia y Buenos Aires S.A.U.,Clase XVIII,ARS,23496247000,General,0.0300,4.9,23496.2470,FINANCIERO
2024-12-02,Banco de Galicia y Buenos Aires S.A.U.,Clase XIX,USD,97749482,General,0.0425,6.1,98915.0000,FINANCIERO
2024-12-02,Transporte Peduzzi S.A.,Serie I Clase I,ARS,2000000000,PyME_Garantizada,0.4294,24.3,2000.0000,SERVICIOS_NO_FINANCIEROS
2024-12-03,Toyota Compañía Financiera de Argentina S.A.,Clase 33,ARS,20000000000,General,0.4293,18.2,20000.0000,FINANCIERO
2024-12-03,Droguería Central S.A.S.,Serie I,ARS,400000000,PyME_Garantizada,0.4444,24.3,400.0000,COMERCIO
2024-12-03,Madero Harbour S.A.,Serie I Clase I,ARS,4000000000,PyME_Garantizada,0.4494,24.3,4000.0000,CONSTRUCCION_E_INFRAESTRUCTURA
2024-12-03,Plaza Logística S.R.L.,Clase 15,USD,9587538,General,0.0700,42.6,9714.0000,CONSTRUCCION_E_INFRAESTRUCTURA
2024-12-04,Vista Energy Argentina S.A.U.,Clase XXVII,USD,600000000,General,0.0763,133.9,607950.0000,ENERGIA
2024-12-05,Latitud 45 Petróleo y Gas S.A.,Serie II Clase I,ARS,2722777777,PyME_Garantizada,0.4388,24.3,2722.7778,ENERGIA
2024-12-05,Sidersa S.A.,Clase I,USD,27636229,General,0.0650,24.3,28018.0000,INDUSTRIA
2024-12-05,Latitud 45 Petróleo y Gas S.A.,Serie II Clase III,UVA,646564,PyME_Garantizada,0.0819,24.3,823.0000,ENERGIA
2024-12-09,Banco BBVA Argentina S.A.,Clase 30,ARS,15088235294,General,0.0275,9.1,15088.2353,FINANCIERO
2024-12-09,Banco BBVA Argentina S.A.,Clase 31,ARS,37706732940,General,0.3712,12.2,37706.7329,FINANCIERO
2024-12-09,Pampa Energía S.A.,Clase 23,USD,360000000,General,0.0788,121.7,366030.0000,ENERGIA
2024-12-10,MSU Energy S.A.,Clase XII Serie A,USD,223352460,General,0.0975,72.8,227205.0000,ENERGIA
2024-12-10,Raghsa S.A.,Clase 7,USD,48705263,General,0.0850,97.4,49545.0000,CONSTRUCCION_E_INFRAESTRUCTURA
2024-12-12,Mastellone Hermanos S.A.,Clase 1,USD,20000000,General,0.0450,6.1,20375.0000,INDUSTRIA
2024-12-13,Agro de Souza S.A.,Serie II Clase 2,ARS,1000000000,PyME_Garantizada,0.3956,24.3,1000.0000,COMERCIO
2024-12-17,Hijos de Salvador Muñoz S.A.,Clase III Serie I,USD,1382752,General,0.0750,18.2,1413.0000,INDUSTRIA
2024-12-17,Hijos de Salvador Muñoz S.A.,Clase III Serie II,USD,7929057,General,0.0900,36.5,8102.0000,INDUSTRIA
2024-12-17,Meranol S.A.C.I.,Clase 30,ARS,3488921868,PyME,0.4150,12.2,3488.9219,INDUSTRIA
2024-12-17,Meranol S.A.C.I.,Clase 31,Dolar_Linked,97500,PyME,0.0950,18.2,100.0000,INDUSTRIA
2024-12-17,Meranol S.A.C.I.,Clase 32,USD,181875,PyME,0.0950,18.2,186.0000,INDUSTRIA
2024-12-18,MSU Green Energy S.A.U.,Clase 3,USD,21376563,General,0.0850,48.7,21863.0000,ENERGIA
2024-12-18,Banco CMF S.A.,Clase 16,USD,20000000,General,0.0440,6.1,20455.0000,FINANCIERO
2024-12-18,Banco Comafi S.A.,Clase VII,USD,18222000,General,0.0200,3.0,18637.0000,FINANCIERO
2024-12-18,Banco Comafi S.A.,Clase VIII,USD,11969955,General,0.0450,6.0,12242.0000,FINANCIERO
2024-12-18,Ecosur Bahía S.A.,Serie I,ARS,400000000,PyME_Garantizada,0.3938,18.2,400.0000,COMERCIO
2024-12-18,Banco Hipotecario S.A.,Clase 8,ARS,45347500000,General,0.3725,12.2,45347.5000,FINANCIERO
2024-12-19,Aeropuertos Argentina 2000 S.A.,Clase 11,USD,28756612,General,0.0550,24.1,29425.0000,CONSTRUCCION_E_INFRAESTRUCTURA
2024-12-19,Crédito Directo S.A.,Clase XXIX,ARS,8000000000,General,0.3969,12.2,8000.0000,FINANCIERO
2024-12-19,PSA Finance Argentina Compañía Financiera S.A.,Serie 29,ARS,11655555556,General,0.3687,9.1,11655.5556,FINANCIERO
2024-12-19,PSA Finance Argentina Compañía Financiera S.A.,Serie 30,ARS,8344444444,General,0.3738,18.2,8344.4444,FINANCIERO
2024-12-19,Asociación Civil Sumatoria para una Nueva Economía,Clase VI,ARS,1825000000,PyME_Garantizada,0.3718,24.3,1825.0000,FINANCIERO
2024-12-20,Banco de Galicia y Buenos Aires S.A.U.,Clase XX,ARS,35088750000,General,0.3758,12.2,35088.7500,FINANCIERO
2024-12-20,Galerent S.A.,Serie I,ARS,960000000,PyME_Garantizada,0.4088,18.2,960.0000,SERVICIOS_NO_FINANCIEROS
2024-12-20,Tresnal Agropecuaria S.A.,Serie III Clase A,ARS,1586037500,PyME_Garantizada,0.3938,24.3,1586.0375,AGROPECUARIO
2024-12-23,Milkynet S.A.,Serie I,ARS,500000000,PyME_Garantizada,0.3898,24.3,500.0000,AGROPECUARIO
2025-01-08,YPF S.A.,Clase XXXIV,USD,1100000000,General,0.0825,109.6,1140425.0000,ENERGIA
2025-01-13,Banco Supervielle S.A.,Clase J,USD,50000000,General,0.0418,6.0,52013.0000,FINANCIERO
2025-01-14,John Deere Credit Compañía Financiera S.A.,lase XVI,USD,50000000,General,0.0700,36.5,52063.0000,FINANCIERO
2025-01-14,Collins S.A.,Serie I,ARS,1500000000,PyME_Garantizada,0.3963,24.3,1500.0000,FINANCIERO
2025-01-15,Puente Hnos. S.A.,Serie II,USD,10090863,General,0.0550,12.2,10512.0000,FINANCIERO
2025-01-15,Puente Hnos. S.A.,Serie III,USD,10256122,General,0.0650,24.3,10684.0000,FINANCIERO
2025-01-16,Oiltanking Ebytem S.A.,Serie IV Clase 1,USD,28306584,General,0.0700,36.5,29503.0000,SERVICIOS_NO_FINANCIEROS
2025-01-16,Oiltanking Ebytem S.A.,Serie IV Clase 2,USD,35231293,General,0.0800,60.9,36720.0000,SERVICIOS_NO_FINANCIEROS
2025-01-16,Credicuotas Consumo S.A.,Serie XI,USD,18199745,General,0.0700,9.1,18969.0000,FINANCIERO
2025-01-16,Tecpetrol S.A.,Clase 10,USD,400000000,General,0.0763,97.4,416900.0000,ENERGIA
2025-01-20,Banco Santander Argentina S.A.,Clase XXVII,ARS,56382000000,General,0.3556,12.2,56382.0000,FINANCIERO
2025-01-23,Pluspetrol S.A.,Clase 1,USD,74164370,General,0.0600,36.5,77700.0000,ENERGIA
2025-01-23,Pluspetrol S.A.,Clase 2,USD,123020337,General,0.0750,60.9,128885.0000,ENERGIA
2025-01-23,Ricardo Almar e Hijos S.A.,Clase II,ARS,900000000,PyME_Garantizada,0.3879,24.3,900.0000,INDUSTRIA
2025-01-28,Petrolera Aconcagua Energía S.A.,Clase XVII,USD,29244801,General,0.0900,36.5,30734.0000,ENERGIA
2025-01-28,Rombo Compañía Financiera S.A.,Serie 59,ARS,15843750000,General,0.3787,18.2,15843.7500,FINANCIERO
2025-01-28,Rombo Compañía Financiera S.A.,Serie 60,UVA,6008863,General,0.0750,24.3,7995.0000,FINANCIERO
2025-01-30,Ledesma S.A.A.I.,Clase 15,USD,31092846,General,0.0700,32.4,32725.0000,INDUSTRIA
2025-01-30,Banco Comafi S.A.,Clase IX,USD,38543165,General,0.0425,6.0,40567.0000,FINANCIERO
2025-01-30,Banco Comafi S.A.,Adicionales Clase VII,USD,11456835,General,0.0200,1.6,12058.0000,FINANCIERO
2025-02-04,Balanz Capital Valores S.A.U.,Adicionales Serie I,USD,15000000,General,0.0500,16.2,15814.0000,FINANCIERO
2025-02-04,S.A. San Miguel A.G.I.C.I.F.,Serie XII,USD,16269057,PyME,0.0950,24.3,17152.0000,INDUSTRIA
2025-02-04,Banco CMF S.A.,Clase 17,USD,19376200,General,0.0450,6.0,20427.0000,FINANCIERO
2025-02-04,Banco CMF S.A.,Clase 18,ARS,10250000000,General,0.3394,12.2,10250.0000,FINANCIERO
2025-02-05,Banco Supervielle S.A.,Clase K,USD,28382227,General,0.0415,6.0,29935.0000,FINANCIERO
2025-02-05,Banco Supervielle S.A.,Clase L,ARS,50974085884,General,0.3244,12.2,50974.0859,FINANCIERO
2025-02-05,Banco de Servicios y Transacciones S.A.U.,Clase XXI,USD,21080397,General,0.0575,6.0,22234.0000,FINANCIERO
2025-02-06,Pan American Energy SL Sucursal Argentina,Clase 38,USD,120000000,General,0.0650,30.4,126586.0000,ENERGIA
2025-02-06,Prochem Bio S.A.,Serie I Clase A,ARS,2109416600,PyME_Garantizada,0.3584,24.3,2109.4166,INDUSTRIA
2025-02-06,Banco de Galicia y Buenos Aires S.A.U.,Clase XXI,ARS,79786900000,General,0.3338,12.2,79786.9000,FINANCIERO
2025-02-06,Banco de Galicia y Buenos Aires S.A.U.,Clase XXII,USD,73823009,General,0.0415,6.0,798787.0000,FINANCIERO
2025-02-06,Fiplasto S.A.,Clase I,USD,10000000,General,0.0600,36.5,10549.0000,INDUSTRIA
2025-02-12,Petroquímica Comodoro Rivadavia S.A.,Clase S,USD,65000000,General,0.0800,73.0,68697.0000,ENERGIA
2025-02-18,Camuzzi Gas Pampeana S.A.,Clase I,USD,70000000,General,0.0795,24.3,74142.0000,ENERGIA
2025-02-19,Banco Hipotecario S.A.,Clase 9,ARS,50000000000,General,0.3269,12.2,50000.0000,FINANCIERO
2025-02-19,Banco Santander Argentina S.A.,Clase XXVIII,ARS,70092000000,General,0.3269,12.2,70092.0000,FINANCIERO
2025-02-20,Empresa Distribuidora de Electricidad de Salta S.A. (EDESA),Clase 2,USD,23242616,General,0.0850,24.3,24634.0000,ENERGIA
2025-02-20,Arcor S.A.I.C.,Clase 25,ARS,60000000000,General,0.3065,12.2,60000.0000,INDUSTRIA
2025-02-24,Banco BBVA Argentina S.A.,Adicionales Clase 30,ARS,9062730000,General,0.0275,6.6,9062.7300,FINANCIERO
2025-02-24,Banco BBVA Argentina S.A.,Clase 32,USD,16510000,General,0.0350,12.2,17519.0000,FINANCIERO
2025-02-24,Banco BBVA Argentina S.A.,Clase 33,USD,20445779,General,0.0400,6.0,21696.0000,FINANCIERO
2025-02-24,Banco BBVA Argentina S.A.,Clase 34,ARS,57002870000,General,0.3181,12.2,57002.8700,FINANCIERO
2025-02-25,Centro de Rehabilitación Integral Los Nogales S.R.L.,Serie I Clase A,ARS,205000000,PyME_Garantizada,0.3606,24.3,205.0000,SERVICIOS_NO_FINANCIEROS
2025-02-25,Generación Mediterránea S.A. y Central Térmica Roca S.A.,Adicionales Clase XXXII,USD,3686873,General,0.0950,15.3,3914.0000,ENERGIA
2025-02-25,Generación Mediterránea S.A. y Central Térmica Roca S.A.,Clase XLII,ARS,6024952347,General,0.3406,12.2,6024.9523,ENERGIA
2025-02-25,YPF S.A.,Clase XXXV,USD,139894182,General,0.0625,24.3,148516.0000,ENERGIA
2025-02-25,YPF S.A.,Clase XXXVI,USD,58971000,General,0.0350,6.0,62605.0000,ENERGIA
2025-02-25,Centro de Rehabilitación Integral Los Nogales S.R.L.,Serie I Clase B,ARS,205000000,PyME_Garantizada,0.3756,60.9,205.0000,SERVICIOS_NO_FINANCIEROS
2025-02-26,Maximia S.A.,Serie I,ARS,700000000,PyME_Garantizada,0.3338,24.3,700.0000,SERVICIOS_NO_FINANCIEROS
2025-02-26,Petróleos Sudamericanos S.A.,Clase II,USD,9158045,General,0.0875,30.4,9725.0000,ENERGIA
2025-02-27,360 Energy Solar S.A.,Clase 5,USD,15000000,General,0.0875,30.5,15936.0000,ENERGIA
2025-02-27,Genneia S.A.,Clase XLVIII,USD,27760264,General,0.0650,36.5,29492.0000,ENERGIA
2025-02-27,PSA Finance Argentina Compañía Financiera S.A.,Serie 31,UVA,2590901,General,0.0800,24.3,3534.0000,FINANCIERO
2025-02-27,PSA Finance Argentina Compañía Financiera S.A.,Serie 32,ARS,19813161044,General,0.3276,12.2,19813.1610,FINANCIERO
2025-02-27,PSA Finance Argentina Compañía Financiera S.A.,Serie 33,ARS,6650000000,General,0.0250,6.0,6650.0000,FINANCIERO
2025-03-05,Vista Energy Argentina S.A.U.,Clase XXVIII,USD,92413570,General,0.0750,60.9,98363.0000,ENERGIA
2025-03-05,Compañía General de Combustibles S.A.,Clase 37,USD,27630742,General,0.0700,24.3,29410.0000,ENERGIA
2025-03-06,Banco Supervielle S.A.,Clase M,ARS,30580000000,General,0.3256,12.2,30580.0000,FINANCIERO
2025-03-06,Banco Comafi S.A.,Clase XI,ARS,22175000000,General,0.3266,12.2,22175.0000,FINANCIERO
2025-03-06,Banco Comafi S.A.,Clase XII,ARS,5222222222,General,0.0270,12.2,5222.2222,FINANCIERO
2025-03-06,Pan American Energy SL Sucursal Argentina,Clase 39,ARS,55000000000,General,0.3196,12.1,55000.0000,ENERGIA
2025-03-06,Pecom Servicios Energía S.A.U.,Clase I,USD,29887257,General,0.0790,48.7,31819.0000,MINERIA
2025-03-07,Banco Columbia S.A.,Clase 3,ARS,11877777777,General,0.3487,12.2,11877.7778,FINANCIERO
2025-03-07,Sion S.A.,Serie XV Clase A,ARS,2200000000,PyME,0.3588,12.2,2200.0000,SERVICIOS_NO_FINANCIEROS
2025-03-07,Banco de Galicia y Buenos Aires S.A.U.,Clase XXIII,USD,69886996,General,0.0475,8.8,74502.0000,FINANCIERO
2025-03-10,Banco de Valores S.A.,Clase 1,USD,30000000,General,0.0750,24.3,31990.0000,FINANCIERO
2025-03-10,Banco Industrial S.A.,Clase 1,USD,37256314,General,0.0475,6.0,39728.0000,FINANCIERO
2025-03-11,Ruta 3 Automotores S.A.,Clase III,ARS,1600000000,PyME_Garantizada,0.3382,24.3,1600.0000,COMERCIO
2025-03-17,Vitalcan S.A.,Serie I Clase A,USD,2535459,PyME,0.0950,18.3,2710.0000,INDUSTRIA
2025-03-17,Vitalcan S.A.,Serie I Clase B,Dolar_Linked,1863157,PyME,0.1100,18.3,1992.0000,INDUSTRIA
2025-03-18,Biamaq S.R.L.,Serie I Clase A,ARS,150000000,PyME_Garantizada,0.3825,24.3,150.0000,COMERCIO
2025-03-18,Biamaq S.R.L.,Serie I Clase B,ARS,150000000,PyME_Garantizada,0.3925,60.9,150.0000,COMERCIO
2025-03-25,IRSA Inversiones y Representaciones S.A.,Clase XXIV Canje Participación Anticipada,USD,57794825,General,0.0800,121.7,61932.0000,CONSTRUCCION_E_INFRAESTRUCTURA
2025-03-25,IRSA Inversiones y Representaciones S.A.,Clase XXIV New Money,USD,242205175,General,0.0800,121.7,259542.0000,CONSTRUCCION_E_INFRAESTRUCTURA
2025-03-27,Depósito Fiscal Córdoba S.A.,Serie I,ARS,200000000,PyME_Garantizada,0.3750,24.3,200.0000,SERVICIOS_NO_FINANCIEROS
